"Time","Berta Oben Leitwert","Berta Oben Bodenfeuchtigkeit","Berta Oben Tempertaur","soil_ec {area=""RUB"", bed=""Berta"", bed_position=""Oben"", city=""Bochum"", device_id=""00612B28"", host=""63c5912267f9"", name=""mqtt_consumer"", place=""Botanischer Garten"", topic=""dragino-27c2b0/00612B28/data""}","soil_moisture_% {area=""RUB"", bed=""Berta"", bed_position=""Oben"", city=""Bochum"", device_id=""00612B28"", host=""63c5912267f9"", name=""mqtt_consumer"", place=""Botanischer Garten"", topic=""dragino-27c2b0/00612B28/data""}","soil_temperature_c {area=""RUB"", bed=""Berta"", bed_position=""Oben"", city=""Bochum"", device_id=""00612B28"", host=""63c5912267f9"", name=""mqtt_consumer"", place=""Botanischer Garten"", topic=""dragino-27c2b0/00612B28/data""}","soil_ec {area=""RUB"", bed=""Berta"", bed_position=""Oben"", city=""Bochum"", device_id=""00612B28"", host=""8ff7fc40fe75"", name=""mqtt_consumer"", place=""Botanischer Garten"", topic=""dragino-27c2b0/00612B28/data""}","soil_moisture_% {area=""RUB"", bed=""Berta"", bed_position=""Oben"", city=""Bochum"", device_id=""00612B28"", host=""8ff7fc40fe75"", name=""mqtt_consumer"", place=""Botanischer Garten"", topic=""dragino-27c2b0/00612B28/data""}","soil_temperature_c {area=""RUB"", bed=""Berta"", bed_position=""Oben"", city=""Bochum"", device_id=""00612B28"", host=""8ff7fc40fe75"", name=""mqtt_consumer"", place=""Botanischer Garten"", topic=""dragino-27c2b0/00612B28/data""}","Berta Unten Leitwert","Berta Unten Bodenfeuchtigkeit","Berta Unten Tempertaur","soil_ec {area=""RUB"", bed=""Berta"", bed_position=""Unten"", city=""Bochum"", device_id=""0060294B"", host=""63c5912267f9"", name=""mqtt_consumer"", place=""Botanischer Garten"", topic=""dragino-27c2b0/0060294B/data""}","soil_moisture_% {area=""RUB"", bed=""Berta"", bed_position=""Unten"", city=""Bochum"", device_id=""0060294B"", host=""63c5912267f9"", name=""mqtt_consumer"", place=""Botanischer Garten"", topic=""dragino-27c2b0/0060294B/data""}","soil_temperature_c {area=""RUB"", bed=""Berta"", bed_position=""Unten"", city=""Bochum"", device_id=""0060294B"", host=""63c5912267f9"", name=""mqtt_consumer"", place=""Botanischer Garten"", topic=""dragino-27c2b0/0060294B/data""}","soil_ec {area=""RUB"", bed=""Berta"", bed_position=""Unten"", city=""Bochum"", device_id=""0060294B"", host=""8ff7fc40fe75"", name=""mqtt_consumer"", place=""Botanischer Garten"", topic=""dragino-27c2b0/0060294B/data""}","soil_moisture_% {area=""RUB"", bed=""Berta"", bed_position=""Unten"", city=""Bochum"", device_id=""0060294B"", host=""8ff7fc40fe75"", name=""mqtt_consumer"", place=""Botanischer Garten"", topic=""dragino-27c2b0/0060294B/data""}","soil_temperature_c {area=""RUB"", bed=""Berta"", bed_position=""Unten"", city=""Bochum"", device_id=""0060294B"", host=""8ff7fc40fe75"", name=""mqtt_consumer"", place=""Botanischer Garten"", topic=""dragino-27c2b0/0060294B/data""}","Carla Oben Leitwert","Carla Oben Bodenfeuchtigkeit","Carla Oben Tempertaur","soil_ec {area=""RUB"", bed=""Carla"", bed_position=""Oben"", city=""Bochum"", device_id=""00612B1F"", host=""63c5912267f9"", name=""mqtt_consumer"", place=""Botanischer Garten"", topic=""dragino-27c2b0/00612B1F/data""}","soil_moisture_% {area=""RUB"", bed=""Carla"", bed_position=""Oben"", city=""Bochum"", device_id=""00612B1F"", host=""63c5912267f9"", name=""mqtt_consumer"", place=""Botanischer Garten"", topic=""dragino-27c2b0/00612B1F/data""}","soil_temperature_c {area=""RUB"", bed=""Carla"", bed_position=""Oben"", city=""Bochum"", device_id=""00612B1F"", host=""63c5912267f9"", name=""mqtt_consumer"", place=""Botanischer Garten"", topic=""dragino-27c2b0/00612B1F/data""}","soil_ec {area=""RUB"", bed=""Carla"", bed_position=""Oben"", city=""Bochum"", device_id=""00612B1F"", host=""8ff7fc40fe75"", name=""mqtt_consumer"", place=""Botanischer Garten"", topic=""dragino-27c2b0/00612B1F/data""}","soil_moisture_% {area=""RUB"", bed=""Carla"", bed_position=""Oben"", city=""Bochum"", device_id=""00612B1F"", host=""8ff7fc40fe75"", name=""mqtt_consumer"", place=""Botanischer Garten"", topic=""dragino-27c2b0/00612B1F/data""}","soil_temperature_c {area=""RUB"", bed=""Carla"", bed_position=""Oben"", city=""Bochum"", device_id=""00612B1F"", host=""8ff7fc40fe75"", name=""mqtt_consumer"", place=""Botanischer Garten"", topic=""dragino-27c2b0/00612B1F/data""}","Carla Unten Leitwert","Carla Unten Bodenfeuchtigkeit","Carla Unten Tempertaur","soil_ec {area=""RUB"", bed=""Carla"", bed_position=""Unten"", city=""Bochum"", device_id=""0060294C"", host=""63c5912267f9"", name=""mqtt_consumer"", place=""Botanischer Garten"", topic=""dragino-27c2b0/0060294C/data""}","soil_moisture_% {area=""RUB"", bed=""Carla"", bed_position=""Unten"", city=""Bochum"", device_id=""0060294C"", host=""63c5912267f9"", name=""mqtt_consumer"", place=""Botanischer Garten"", topic=""dragino-27c2b0/0060294C/data""}","soil_temperature_c {area=""RUB"", bed=""Carla"", bed_position=""Unten"", city=""Bochum"", device_id=""0060294C"", host=""63c5912267f9"", name=""mqtt_consumer"", place=""Botanischer Garten"", topic=""dragino-27c2b0/0060294C/data""}","soil_ec {area=""RUB"", bed=""Carla"", bed_position=""Unten"", city=""Bochum"", device_id=""0060294C"", host=""8ff7fc40fe75"", name=""mqtt_consumer"", place=""Botanischer Garten"", topic=""dragino-27c2b0/0060294C/data""}","soil_moisture_% {area=""RUB"", bed=""Carla"", bed_position=""Unten"", city=""Bochum"", device_id=""0060294C"", host=""8ff7fc40fe75"", name=""mqtt_consumer"", place=""Botanischer Garten"", topic=""dragino-27c2b0/0060294C/data""}","soil_temperature_c {area=""RUB"", bed=""Carla"", bed_position=""Unten"", city=""Bochum"", device_id=""0060294C"", host=""8ff7fc40fe75"", name=""mqtt_consumer"", place=""Botanischer Garten"", topic=""dragino-27c2b0/0060294C/data""}","Ilse Oben Leitwert","Ilse Oben Bodenfeuchtigkeit","Ilse Oben Tempertaur","soil_ec {area=""RUB"", bed=""Ilse"", bed_position=""Oben"", city=""Bochum"", device_id=""0060294A"", host=""63c5912267f9"", name=""mqtt_consumer"", place=""Botanischer Garten"", topic=""dragino-27c2b0/0060294A/data""}","soil_moisture_% {area=""RUB"", bed=""Ilse"", bed_position=""Oben"", city=""Bochum"", device_id=""0060294A"", host=""63c5912267f9"", name=""mqtt_consumer"", place=""Botanischer Garten"", topic=""dragino-27c2b0/0060294A/data""}","soil_temperature_c {area=""RUB"", bed=""Ilse"", bed_position=""Oben"", city=""Bochum"", device_id=""0060294A"", host=""63c5912267f9"", name=""mqtt_consumer"", place=""Botanischer Garten"", topic=""dragino-27c2b0/0060294A/data""}","soil_ec {area=""RUB"", bed=""Ilse"", bed_position=""Oben"", city=""Bochum"", device_id=""0060294A"", host=""8ff7fc40fe75"", name=""mqtt_consumer"", place=""Botanischer Garten"", topic=""dragino-27c2b0/0060294A/data""}","soil_moisture_% {area=""RUB"", bed=""Ilse"", bed_position=""Oben"", city=""Bochum"", device_id=""0060294A"", host=""8ff7fc40fe75"", name=""mqtt_consumer"", place=""Botanischer Garten"", topic=""dragino-27c2b0/0060294A/data""}","soil_temperature_c {area=""RUB"", bed=""Ilse"", bed_position=""Oben"", city=""Bochum"", device_id=""0060294A"", host=""8ff7fc40fe75"", name=""mqtt_consumer"", place=""Botanischer Garten"", topic=""dragino-27c2b0/0060294A/data""}","Ilse Unten Leitwert","Ilse Unten Bodenfeuchtigkeit","Ilse Unten Tempertaur","soil_ec {area=""RUB"", bed=""Ilse"", bed_position=""Unten"", city=""Bochum"", device_id=""0060294E"", host=""63c5912267f9"", name=""mqtt_consumer"", place=""Botanischer Garten"", topic=""dragino-27c2b0/0060294E/data""}","soil_moisture_% {area=""RUB"", bed=""Ilse"", bed_position=""Unten"", city=""Bochum"", device_id=""0060294E"", host=""63c5912267f9"", name=""mqtt_consumer"", place=""Botanischer Garten"", topic=""dragino-27c2b0/0060294E/data""}","soil_temperature_c {area=""RUB"", bed=""Ilse"", bed_position=""Unten"", city=""Bochum"", device_id=""0060294E"", host=""63c5912267f9"", name=""mqtt_consumer"", place=""Botanischer Garten"", topic=""dragino-27c2b0/0060294E/data""}","soil_ec {area=""RUB"", bed=""Ilse"", bed_position=""Unten"", city=""Bochum"", device_id=""0060294E"", host=""8ff7fc40fe75"", name=""mqtt_consumer"", place=""Botanischer Garten"", topic=""dragino-27c2b0/0060294E/data""}","soil_moisture_% {area=""RUB"", bed=""Ilse"", bed_position=""Unten"", city=""Bochum"", device_id=""0060294E"", host=""8ff7fc40fe75"", name=""mqtt_consumer"", place=""Botanischer Garten"", topic=""dragino-27c2b0/0060294E/data""}","soil_temperature_c {area=""RUB"", bed=""Ilse"", bed_position=""Unten"", city=""Bochum"", device_id=""0060294E"", host=""8ff7fc40fe75"", name=""mqtt_consumer"", place=""Botanischer Garten"", topic=""dragino-27c2b0/0060294E/data""}"
2026-07-31 16:00:00,,,,,,,4,3.27,26.0,,,,,,,20,8.68,22.8,,,,,,,23,9.60,25.2,,,,,,,39,12.8,22.9,,,,,,,11,6.37,27.2,,,,,,,22,12.5,23.5
2026-07-31 18:00:00,,,,,,,4,3.16,26.1,,,,,,,20,8.68,22.9,,,,,,,23,9.44,25.3,,,,,,,39,12.8,22.9,,,,,,,10.3,6.37,26.9,,,,,,,22.3,12.4,23.7
2026-07-31 20:00:00,,,,,,,4,3.10,25.7,,,,,,,20,8.64,23.0,,,,,,,22,9.43,25.0,,,,,,,39,12.8,23.1,,,,,,,10,6.29,26.4,,,,,,,22,12.4,24.0
2026-07-31 22:00:00,,,,,,,3.66,3.11,24.9,,,,,,,20,8.56,23.3,,,,,,,21.8,9.45,24.2,,,,,,,39,12.8,23.4,,,,,,,10,6.15,25.3,,,,,,,22,12.4,24.3
2026-08-01 00:00:00,,,,,,,3,3.20,23.8,,,,,,,20,8.50,23.5,,,,,,,21.0,9.48,23.2,,,,,,,39,12.8,23.7,,,,,,,10,6.16,24.1,,,,,,,22.6,12.4,24.6
2026-08-01 02:00:00,,,,,,,3.23,3.32,22.7,,,,,,,20,8.47,23.7,,,,,,,21,9.50,22.3,,,,,,,38.5,12.6,23.9,,,,,,,10,6.18,23.0,,,,,,,22.8,12.4,24.8
2026-08-01 04:00:00,,,,,,,4,3.39,21.9,,,,,,,20,8.47,23.9,,,,,,,20.8,9.53,21.5,,,,,,,38,12.6,24.1,,,,,,,9.46,6.20,22.0,,,,,,,22.2,12.3,24.8
2026-08-01 06:00:00,,,,,,,4,3.41,21.0,,,,,,,20,8.47,23.9,,,,,,,20.4,9.57,20.8,,,,,,,38,12.6,24.1,,,,,,,9,6.22,21.1,,,,,,,22,12.3,24.7
2026-08-01 08:00:00,,,,,,,4,3.42,20.4,,,,,,,19.2,8.47,23.7,,,,,,,20,9.60,20.1,,,,,,,38,12.6,24.0,,,,,,,9,6.20,20.4,,,,,,,22,12.3,24.5
2026-08-01 10:00:00,,,,,,,4,3.42,20.0,,,,,,,19,8.47,23.5,,,,,,,20,9.61,19.7,,,,,,,38,12.6,23.8,,,,,,,9,6.15,20.0,,,,,,,22,12.3,24.1
2026-08-01 12:00:00,,,,,,,4,3.40,21.5,,,,,,,19.0,8.48,23.3,,,,,,,19.0,9.43,20.4,,,,,,,37.6,12.6,23.5,,,,,,,9,5.96,21.6,,,,,,,22,12.4,23.7
2026-08-01 14:00:00,,,,,,,4,3.25,23.7,,,,,,,19,8.49,23.0,,,,,,,17.9,8.81,22.6,,,,,,,37,12.6,23.2,,,,,,,9,5.73,24.9,,,,,,,22,12.4,23.4
2026-08-01 16:00:00,,,,,,,4,3.08,26.8,,,,,,,19,8.50,22.8,,,,,,,15.8,8.14,24.6,,,,,,,37.3,12.6,22.9,,,,,,,9,5.54,27.9,,,,,,,22,12.5,23.2
2026-08-01 18:00:00,,,,,,,4,3.02,28.5,,,,,,,19,8.50,22.8,,,,,,,14.2,7.62,27.0,,,,,,,37.9,12.6,22.9,,,,,,,9,5.35,28.8,,,,,,,22.9,12.4,23.5
2026-08-01 20:00:00,,,,,,,3.86,2.99,27.2,,,,,,,19,8.49,23.0,,,,,,,13.1,7.57,26.5,,,,,,,37.5,12.6,23.0,,,,,,,8.52,5.33,27.4,,,,,,,22.7,12.4,23.9
2026-08-01 22:00:00,,,,,,,3,3.03,25.6,,,,,,,19.1,8.48,23.3,,,,,,,13,7.63,25.2,,,,,,,37,12.6,23.2,,,,,,,8.47,5.36,25.8,,,,,,,23,12.4,24.4
2026-08-02 00:00:00,,,,,,,3,3.09,24.0,,,,,,,19,8.48,23.5,,,,,,,13,7.67,23.8,,,,,,,37,12.5,23.4,,,,,,,8,5.41,24.3,,,,,,,23,12.3,24.6
2026-08-02 02:00:00,,,,,,,3.39,3.12,22.6,,,,,,,19,8.47,23.6,,,,,,,13,7.70,22.5,,,,,,,37,12.4,23.6,,,,,,,8,5.49,22.8,,,,,,,23,12.2,24.7
2026-08-02 04:00:00,,,,,,,4,3.20,21.3,,,,,,,19,8.47,23.6,,,,,,,13,7.74,21.4,,,,,,,37,12.4,23.6,,,,,,,8,5.56,21.5,,,,,,,23,12.2,24.5
2026-08-02 06:00:00,,,,,,,3.04,3.37,20.2,,,,,,,19,8.46,23.4,,,,,,,13,7.85,20.3,,,,,,,36.9,12.4,23.4,,,,,,,8,5.62,20.3,,,,,,,23,12.2,24.3
2026-08-02 08:00:00,,,,,,,3,3.43,19.2,,,,,,,19,8.47,23.2,,,,,,,13,7.98,19.4,,,,,,,36.1,12.4,23.2,,,,,,,8,5.68,19.3,,,,,,,22.7,12.2,23.9
2026-08-02 10:00:00,,,,,,,3,3.43,19.0,,,,,,,19,8.49,22.8,,,,,,,13,7.95,19.0,,,,,,,36,12.4,22.8,,,,,,,8,5.67,19.1,,,,,,,23,12.3,23.3
2026-08-02 12:00:00,,,,,,,3.77,3.34,20.2,,,,,,,19,8.50,22.4,,,,,,,12.1,7.69,19.6,,,,,,,36,12.4,22.3,,,,,,,8,5.47,21.1,,,,,,,22.4,12.5,22.8
2026-08-02 14:00:00,,,,,,,3.40,3.12,22.7,,,,,,,19,8.52,22.0,,,,,,,11.3,7.26,21.8,,,,,,,36,12.5,21.9,,,,,,,8,5.33,24.5,,,,,,,22.9,12.5,22.3
2026-08-02 16:00:00,,,,,,,3,2.99,25.6,,,,,,,19,8.53,21.7,,,,,,,10.2,6.83,24.1,,,,,,,36,12.5,21.6,,,,,,,8,5.07,27.3,,,,,,,23,12.6,22.1
2026-08-02 18:00:00,,,,,,,3,2.80,27.6,,,,,,,19,8.53,21.7,,,,,,,10,6.55,26.6,,,,,,,36,12.5,21.6,,,,,,,8,5.03,28.7,,,,,,,23,12.7,22.4
2026-08-02 20:00:00,,,,,,,3,2.79,27.0,,,,,,,19,8.52,21.9,,,,,,,9.01,6.55,26.5,,,,,,,36,12.4,21.8,,,,,,,7.99,5.04,27.7,,,,,,,23,12.6,22.9
2026-08-02 22:00:00,,,,,,,3,2.80,25.9,,,,,,,19,8.51,22.3,,,,,,,9,6.57,25.6,,,,,,,36,12.4,22.2,,,,,,,7.61,5.06,26.5,,,,,,,23,12.5,23.5
2026-08-03 00:00:00,,,,,,,3,2.82,24.8,,,,,,,19,8.50,22.7,,,,,,,9,6.59,24.6,,,,,,,36,12.4,22.6,,,,,,,7.83,5.07,25.3,,,,,,,23,12.4,23.9
2026-08-03 02:00:00,,,,,,,3,2.87,23.9,,,,,,,19,8.48,23.1,,,,,,,9,6.61,23.8,,,,,,,36,12.4,23.0,,,,,,,7,5.09,24.2,,,,,,,23,12.4,24.3
2026-08-03 04:00:00,,,,,,,3,2.97,23.0,,,,,,,19,8.46,23.3,,,,,,,9,6.62,23.0,,,,,,,36,12.3,23.3,,,,,,,7.50,5.11,23.3,,,,,,,23,12.4,24.4
2026-08-03 06:00:00,,,,,,,3,3.06,22.3,,,,,,,19,8.42,23.4,,,,,,,9,6.64,22.3,,,,,,,36,12.3,23.4,,,,,,,7.56,5.12,22.4,,,,,,,23,12.4,24.4
2026-08-03 08:00:00,,,,,,,3,3.11,21.6,,,,,,,19,8.39,23.4,,,,,,,9,6.68,21.7,,,,,,,36,12.2,23.4,,,,,,,7,5.13,21.6,,,,,,,23,12.4,24.3
2026-08-03 10:00:00,,,,,,,3,3.12,21.3,,,,,,,19,8.39,23.4,,,,,,,9,6.70,21.3,,,,,,,35.7,12.2,23.4,,,,,,,7,5.14,21.3,,,,,,,23,12.4,24.1
2026-08-03 12:00:00,,,,,,,3,3.01,22.6,,,,,,,19,8.41,23.2,,,,,,,9,6.64,21.9,,,,,,,35.5,12.2,23.2,,,,,,,7.03,5.08,23.4,,,,,,,22.8,12.4,23.8
2026-08-03 14:00:00,,,,,,,3,2.82,24.9,,,,,,,19,8.44,23.0,,,,,,,8.60,6.37,24.0,,,,,,,36,12.2,23.0,,,,,,,7,4.80,26.9,,,,,,,23,12.5,23.5
2026-08-03 16:00:00,,,,,,,3,2.79,27.0,,,,,,,19,8.44,22.9,,,,,,,8,6.20,25.9,,,,,,,36,12.2,22.9,,,,,,,7,4.75,29.4,,,,,,,23,12.6,23.5
2026-08-03 18:00:00,,,,,,,3,2.64,28.4,,,,,,,19,8.41,23.1,,,,,,,8,5.99,27.7,,,,,,,36.8,12.1,23.1,,,,,,,7,4.69,30.6,,,,,,,23,12.5,24.0
2026-08-03 20:00:00,,,,,,,3,2.57,28.5,,,,,,,19,8.32,23.5,,,,,,,8,5.98,28.2,,,,,,,37,12.0,23.5,,,,,,,7,4.61,30.4,,,,,,,23,12.4,24.7
2026-08-03 22:00:00,,,,,,,3,2.57,28.0,,,,,,,19,8.23,23.9,,,,,,,8,5.99,27.9,,,,,,,37,11.9,24.0,,,,,,,7,4.57,29.7,,,,,,,23,12.4,25.5
2026-08-04 00:00:00,,,,,,,3,2.61,27.3,,,,,,,19,8.20,24.4,,,,,,,8,6.00,27.3,,,,,,,37,11.9,24.6,,,,,,,7,4.58,28.7,,,,,,,23,12.2,26.1
2026-08-04 02:00:00,,,,,,,3,2.74,26.6,,,,,,,19,8.19,24.9,,,,,,,7.99,6.01,26.7,,,,,,,37,11.9,25.2,,,,,,,7,4.54,27.8,,,,,,,23,12.1,26.6
2026-08-04 04:00:00,,,,,,,3,2.79,25.8,,,,,,,19,8.18,25.3,,,,,,,7.68,6.02,25.9,,,,,,,37,11.8,25.5,,,,,,,7,4.57,26.6,,,,,,,23,12.1,26.9
2026-08-04 06:00:00,,,,,,,3,2.81,25.0,,,,,,,19,8.17,25.5,,,,,,,8,6.04,25.2,,,,,,,36.1,11.8,25.8,,,,,,,7,4.62,25.6,,,,,,,23,12.1,27.0
2026-08-04 08:00:00,,,,,,,3,2.81,24.4,,,,,,,19,8.16,25.6,,,,,,,8,6.05,24.6,,,,,,,36,11.7,25.9,,,,,,,7,4.63,24.8,,,,,,,23,12.1,26.9
2026-08-04 10:00:00,,,,,,,3,2.82,24.2,,,,,,,19,8.15,25.6,,,,,,,8,6.09,24.3,,,,,,,36,11.7,25.8,,,,,,,7,4.59,24.7,,,,,,,23,12.1,26.7
2026-08-04 12:00:00,,,,,,,3,2.79,25.1,,,,,,,19,8.13,25.5,,,,,,,7.13,6.05,24.7,,,,,,,36,11.6,25.7,,,,,,,7,4.52,26.5,,,,,,,22.3,12.1,26.5
2026-08-04 14:00:00,,,,,,,3,2.57,26.5,,,,,,,19,8.08,25.4,,,,,,,7,5.91,26.2,,,,,,,36,11.6,25.5,,,,,,,7,4.42,29.4,,,,,,,22,12.1,26.3
2026-08-04 16:00:00,,,,,,,3,2.51,28.0,,,,,,,19,8.03,25.3,,,,,,,7,5.72,27.5,,,,,,,36.8,11.6,25.5,,,,,,,6,4.19,31.5,,,,,,,22,12.1,26.3
2026-08-04 18:00:00,,,,,,,3,2.50,28.7,,,,,,,19,7.99,25.4,,,,,,,7,5.71,28.2,,,,,,,37,11.6,25.6,,,,,,,6,4.18,31.8,,,,,,,22.5,12.1,26.6
2026-08-04 20:00:00,,,,,,,3,2.50,28.7,,,,,,,19,7.95,25.6,,,,,,,7,5.71,28.3,,,,,,,37,11.5,25.8,,,,,,,6,4.18,31.5,,,,,,,23,12.1,27.1
2026-08-04 22:00:00,,,,,,,3,2.50,28.3,,,,,,,19,7.93,25.8,,,,,,,7,5.71,28.0,,,,,,,37,11.4,26.1,,,,,,,6.38,4.19,30.4,,,,,,,22.3,12.0,27.6
2026-08-05 00:00:00,,,,,,,3,2.58,27.3,,,,,,,19,7.92,26.1,,,,,,,6.63,5.68,27.2,,,,,,,37,11.4,26.4,,,,,,,6,4.12,28.6,,,,,,,23,11.8,28.0
2026-08-05 02:00:00,,,,,,,3,2.79,26.1,,,,,,,19,7.92,26.4,,,,,,,6.60,5.47,26.2,,,,,,,37,11.4,26.7,,,,,,,6,3.96,27.0,,,,,,,23,11.7,28.2
2026-08-05 04:00:00,,,,,,,3,2.81,25.1,,,,,,,19,7.90,26.5,,,,,,,7,5.48,25.2,,,,,,,37,11.4,26.8,,,,,,,6,3.98,25.7,,,,,,,22.4,11.7,28.2
2026-08-05 06:00:00,,,,,,,3,2.82,24.2,,,,,,,19,7.90,26.5,,,,,,,6.79,5.50,24.3,,,,,,,36.3,11.4,26.8,,,,,,,6,4.06,24.5,,,,,,,22,11.7,28.0
2026-08-05 08:00:00,,,,,,,3,2.82,23.4,,,,,,,19,7.91,26.4,,,,,,,6,5.53,23.6,,,,,,,36,11.4,26.6,,,,,,,6.52,4.27,23.7,,,,,,,22,11.7,27.6
2026-08-05 10:00:00,,,,,,,3,2.82,23.3,,,,,,,18.5,7.91,26.1,,,,,,,6,5.62,23.4,,,,,,,36,11.4,26.3,,,,,,,7,4.31,23.8,,,,,,,22,11.8,27.2
2026-08-05 12:00:00,,,,,,,3,2.81,24.5,,,,,,,18.9,7.92,25.9,,,,,,,6,5.77,24.0,,,,,,,36,11.4,26.0,,,,,,,7,4.49,25.9,,,,,,,22,11.9,26.8
2026-08-05 14:00:00,,,,,,,3,2.72,25.7,,,,,,,19,7.92,25.6,,,,,,,6,5.66,25.4,,,,,,,36,11.3,25.7,,,,,,,7,4.49,28.1,,,,,,,22,11.9,26.4
2026-08-05 16:00:00,,,,,,,3,2.53,26.5,,,,,,,19,7.93,25.4,,,,,,,6,5.67,26.3,,,,,,,36,11.3,25.5,,,,,,,7,4.49,28.7,,,,,,,22,11.9,26.2
2026-08-05 18:00:00,3,2.51,27.2,3,2.51,27.2,3,2.51,27.0,19,7.93,25.3,19,7.93,25.3,19,7.93,25.3,6,5.69,26.7,6,5.70,26.7,6,5.65,26.7,36,11.2,25.4,36,11.2,25.4,36,11.2,25.4,7,4.50,28.0,7,4.49,28.1,7,4.49,28.3,22,11.9,26.4,22,11.9,26.4,22,11.9,26.3
2026-08-05 20:00:00,3,2.51,26.9,,,,,,,19,7.93,25.4,,,,,,,6,5.73,26.5,,,,,,,36,11.2,25.5,,,,,,,7,4.50,27.5,,,,,,,22,11.9,26.6,,,,,,
2026-08-05 22:00:00,3,2.52,26.2,,,,,,,19,7.93,25.5,,,,,,,6,5.75,25.9,,,,,,,36,11.2,25.6,,,,,,,7,4.52,26.4,,,,,,,22,11.9,26.8,,,,,,
2026-08-06 00:00:00,2.58,2.54,25.1,,,,,,,19,7.92,25.6,,,,,,,6,5.76,25.0,,,,,,,36,11.2,25.8,,,,,,,7,4.54,25.2,,,,,,,22,11.9,27.0,,,,,,
2026-08-06 02:00:00,2,2.60,24.2,,,,,,,19,7.92,25.7,,,,,,,6,5.78,24.1,,,,,,,36,11.2,25.9,,,,,,,7,4.59,24.1,,,,,,,22,11.9,27.0,,,,,,
2026-08-06 04:00:00,2.08,2.70,23.3,,,,,,,19,7.92,25.7,,,,,,,6,5.79,23.3,,,,,,,36,11.2,25.9,,,,,,,7,4.67,23.1,,,,,,,22,11.9,26.9,,,,,,
2026-08-06 06:00:00,3,2.80,22.4,,,,,,,19,7.91,25.7,,,,,,,6,5.82,22.5,,,,,,,35.6,11.2,25.9,,,,,,,7,4.75,22.0,,,,,,,22,11.9,26.6,,,,,,
2026-08-06 08:00:00,2.99,2.84,21.5,,,,,,,19,7.91,25.5,,,,,,,6,5.88,21.7,,,,,,,35.9,11.2,25.7,,,,,,,7,4.83,20.9,,,,,,,21,11.9,26.3,,,,,,
2026-08-06 10:00:00,2.86,2.84,21.0,,,,,,,18.0,7.92,25.3,,,,,,,6,5.93,21.1,,,,,,,35,11.2,25.4,,,,,,,7,4.86,20.7,,,,,,,21.0,11.9,25.9,,,,,,
2026-08-06 12:00:00,2.97,2.81,22.0,,,,,,,18,7.93,25.0,,,,,,,6,5.86,21.4,,,,,,,35,11.2,25.0,,,,,,,7,4.66,22.6,,,,,,,21,12.0,25.4,,,,,,
2026-08-06 14:00:00,2,2.63,23.6,,,,,,,18.3,7.94,24.6,,,,,,,6,5.81,22.6,,,,,,,35,11.2,24.6,,,,,,,7,4.54,24.8,,,,,,,21,12.0,24.9,,,,,,
2026-08-06 16:00:00,2,2.53,24.6,,,,,,,19,7.95,24.3,,,,,,,6,5.78,23.8,,,,,,,35,11.2,24.2,,,,,,,7,4.52,26.3,,,,,,,21,12.0,24.6,,,,,,
2026-08-06 18:00:00,2,2.73,25.2,,,,,,,19,7.96,24.1,,,,,,,6,5.37,24.4,,,,,,,35.6,11.1,24.0,,,,,,,9.46,5.77,26.6,,,,,,,21,12.0,24.6,,,,,,
2026-08-06 20:00:00,2,2.82,23.9,,,,,,,19,7.96,24.0,,,,,,,6,5.27,23.6,,,,,,,36,11.0,23.9,,,,,,,15.1,8.42,24.9,,,,,,,21,12.0,24.6,,,,,,
2026-08-06 22:00:00,2.81,2.88,22.2,,,,,,,19,7.96,23.9,,,,,,,6,5.45,22.2,,,,,,,36,11.0,23.9,,,,,,,15.5,8.49,23.2,,,,,,,21,12.0,24.7,,,,,,
2026-08-07 00:00:00,3,3.13,20.5,,,,,,,19,7.96,23.9,,,,,,,6,5.56,20.8,,,,,,,36,11.0,23.9,,,,,,,15,8.53,21.5,,,,,,,21,12.0,24.6,,,,,,
2026-08-07 02:00:00,3,3.40,19.1,,,,,,,19,7.96,23.8,,,,,,,6,5.58,19.5,,,,,,,36,11.0,23.9,,,,,,,15,8.44,20.1,,,,,,,21,12.0,24.4,,,,,,
2026-08-07 04:00:00,3.62,3.66,17.8,,,,,,,18.5,7.96,23.6,,,,,,,5.98,5.76,18.3,,,,,,,35.8,11.0,23.7,,,,,,,14.2,8.36,18.8,,,,,,,21,12.0,24.1,,,,,,
2026-08-07 06:00:00,4.20,3.99,16.7,,,,,,,18,7.97,23.4,,,,,,,6,5.92,17.3,,,,,,,35,11.0,23.4,,,,,,,14,8.39,17.6,,,,,,,21,12.0,23.7,,,,,,
2026-08-07 08:00:00,5,4.25,15.8,,,,,,,18.3,7.99,23.0,,,,,,,6,6.17,16.3,,,,,,,35,11.1,23.0,,,,,,,14,8.42,16.6,,,,,,,21,12.0,23.2,,,,,,
2026-08-07 10:00:00,5,4.39,15.6,,,,,,,18,8.00,22.6,,,,,,,7.35,6.41,15.8,,,,,,,35,11.1,22.5,,,,,,,13.7,8.41,16.4,,,,,,,21,12.1,22.6,,,,,,
2026-08-07 12:00:00,5.29,4.49,17.2,,,,,,,18,8.01,22.0,,,,,,,8.78,6.68,16.6,,,,,,,35,11.1,22.0,,,,,,,13.5,8.13,18.2,,,,,,,20.9,12.3,21.9,,,,,,
2026-08-07 14:00:00,5,4.43,18.7,,,,,,,18,8.03,21.5,,,,,,,9.98,6.91,18.0,,,,,,,35,11.2,21.4,,,,,,,13,7.83,19.8,,,,,,,21,12.3,21.3,,,,,,
2026-08-07 16:00:00,5.84,4.28,20.0,,,,,,,18,8.06,21.1,,,,,,,10.9,7.02,19.3,,,,,,,35,11.3,21.0,,,,,,,13,7.57,21.2,,,,,,,21,12.3,21.0,,,,,,
2026-08-07 18:00:00,5.87,4.26,20.6,,,,,,,18,8.10,20.8,,,,,,,11,7.15,20.0,,,,,,,35,11.3,20.7,,,,,,,12.1,7.34,21.6,,,,,,,21,12.3,20.8,,,,,,
2026-08-07 20:00:00,5,4.26,20.4,,,,,,,18,8.12,20.6,,,,,,,11,7.23,20.0,,,,,,,35,11.3,20.6,,,,,,,12,7.16,21.4,,,,,,,21,12.4,20.8,,,,,,
2026-08-07 22:00:00,5,4.27,19.5,,,,,,,18,8.13,20.6,,,,,,,11,7.25,19.4,,,,,,,35,11.3,20.6,,,,,,,11.5,7.03,20.3,,,,,,,21,12.3,20.9,,,,,,
2026-08-08 00:00:00,5,4.29,18.4,,,,,,,18,8.12,20.6,,,,,,,11.6,7.48,18.4,,,,,,,35,11.3,20.6,,,,,,,11,7.06,19.1,,,,,,,21,12.3,21.0,,,,,,
2026-08-08 02:00:00,5,4.42,17.3,,,,,,,18,8.10,20.6,,,,,,,12,7.57,17.4,,,,,,,35,11.3,20.6,,,,,,,11,7.08,17.9,,,,,,,21,12.3,20.9,,,,,,
2026-08-08 04:00:00,5,4.58,16.3,,,,,,,18,8.09,20.5,,,,,,,12,7.80,16.4,,,,,,,35,11.2,20.5,,,,,,,11,7.11,16.9,,,,,,,21,12.3,20.8,,,,,,
2026-08-08 06:00:00,5,4.61,15.4,,,,,,,18,8.10,20.3,,,,,,,12,7.89,15.6,,,,,,,35,11.2,20.4,,,,,,,11,7.13,16.0,,,,,,,21.1,12.3,20.6,,,,,,
2026-08-08 08:00:00,5,4.63,14.6,,,,,,,18,8.13,20.1,,,,,,,12,7.93,14.8,,,,,,,35,11.2,20.1,,,,,,,11,7.15,15.1,,,,,,,22.0,12.4,20.2,,,,,,
2026-08-08 10:00:00,5,4.64,14.4,,,,,,,18,8.24,19.8,,,,,,,12.3,8.11,14.5,,,,,,,35,11.3,19.8,,,,,,,11,7.16,14.9,,,,,,,22,12.4,19.8,,,,,,
2026-08-08 12:00:00,5.57,4.59,16.6,,,,,,,18,8.32,19.4,,,,,,,12.2,7.96,15.5,,,,,,,35,11.4,19.4,,,,,,,10.9,6.88,17.6,,,,,,,22,12.6,19.3,,,,,,
2026-08-08 14:00:00,5,4.29,19.3,,,,,,,18,8.34,19.1,,,,,,,12,7.52,18.1,,,,,,,35,11.4,19.0,,,,,,,10.6,6.57,21.0,,,,,,,22,12.6,18.9,,,,,,
2026-08-08 16:00:00,5,3.95,22.8,,,,,,,18,8.35,18.8,,,,,,,11.1,7.19,20.9,,,,,,,35,11.4,18.7,,,,,,,10,6.25,24.2,,,,,,,22,12.7,18.9,,,,,,
2026-08-08 18:00:00,5,3.67,24.4,,,,,,,18,8.35,18.8,,,,,,,10.5,6.91,22.5,,,,,,,35,11.4,18.7,,,,,,,10,6.15,24.5,,,,,,,22.5,12.7,19.2,,,,,,
2026-08-08 20:00:00,4.93,3.66,23.8,,,,,,,18,8.34,19.1,,,,,,,10,6.91,22.3,,,,,,,35,11.3,19.0,,,,,,,10,6.17,23.6,,,,,,,23,12.6,19.9,,,,,,
2026-08-08 22:00:00,4.19,3.67,22.7,,,,,,,18,8.31,19.5,,,,,,,10,6.94,21.7,,,,,,,35,11.2,19.4,,,,,,,10,6.17,22.7,,,,,,,23,12.6,20.5,,,,,,
2026-08-09 00:00:00,5,3.69,21.5,,,,,,,18,8.22,19.9,,,,,,,10,7.11,20.8,,,,,,,35,11.2,19.8,,,,,,,9.44,6.16,21.6,,,,,,,23,12.5,21.1,,,,,,
2026-08-09 02:00:00,4.87,3.70,20.3,,,,,,,18,8.12,20.3,,,,,,,10,7.23,19.9,,,,,,,35,11.2,20.2,,,,,,,9.57,6.17,20.6,,,,,,,23,12.4,21.4,,,,,,
2026-08-09 04:00:00,4,3.71,19.3,,,,,,,18,8.07,20.5,,,,,,,10,7.26,18.9,,,,,,,35,11.1,20.5,,,,,,,9,6.19,19.6,,,,,,,23,12.3,21.6,,,,,,
2026-08-09 06:00:00,4,3.75,18.3,,,,,,,18,8.05,20.6,,,,,,,10.3,7.28,18.1,,,,,,,35,11.1,20.6,,,,,,,9,6.19,18.7,,,,,,,23,12.3,21.6,,,,,,
2026-08-09 08:00:00,4,3.84,17.6,,,,,,,18,8.05,20.6,,,,,,,11.0,7.30,17.4,,,,,,,35,11.1,20.6,,,,,,,9,6.20,17.9,,,,,,,23,12.3,21.4,,,,,,
2026-08-09 10:00:00,4,3.91,17.3,,,,,,,18,8.06,20.5,,,,,,,10.6,7.32,17.0,,,,,,,34.7,11.1,20.4,,,,,,,9,6.17,17.7,,,,,,,23,12.4,21.2,,,,,,
2026-08-09 12:00:00,4.59,3.73,19.7,,,,,,,18,8.08,20.3,,,,,,,10,7.22,18.0,,,,,,,34.7,11.2,20.2,,,,,,,9,5.96,20.4,,,,,,,23,12.5,20.8,,,,,,
2026-08-09 14:00:00,4.09,3.54,23.6,,,,,,,18,8.11,20.0,,,,,,,10,6.78,21.0,,,,,,,35,11.1,19.9,,,,,,,9,5.65,24.5,,,,,,,23,12.6,20.5,,,,,,
2026-08-09 16:00:00,4,3.35,26.0,,,,,,,18,8.13,20.0,,,,,,,9.21,6.50,23.5,,,,,,,35,11.1,19.9,,,,,,,9,5.49,27.1,,,,,,,23.8,12.6,20.6,,,,,,
2026-08-09 18:00:00,4,3.12,27.0,,,,,,,18,8.11,20.1,,,,,,,9,6.31,25.0,,,,,,,35,11.0,20.1,,,,,,,9,5.31,28.0,,,,,,,24,12.5,21.1,,,,,,
2026-08-09 20:00:00,4,3.08,26.6,,,,,,,18,8.07,20.5,,,,,,,9,6.31,25.2,,,,,,,35,10.9,20.5,,,,,,,8.64,5.30,27.8,,,,,,,24,12.5,21.9,,,,,,
2026-08-09 22:00:00,4,3.08,25.8,,,,,,,18,8.04,21.0,,,,,,,9,6.32,24.8,,,,,,,35.2,10.9,21.0,,,,,,,8,5.32,27.0,,,,,,,24,12.4,22.7,,,,,,
2026-08-10 00:00:00,4,3.09,24.7,,,,,,,18,8.03,21.5,,,,,,,9,6.33,24.0,,,,,,,35,10.9,21.6,,,,,,,8,5.33,25.9,,,,,,,24,12.2,23.4,,,,,,
2026-08-10 02:00:00,4,3.10,23.9,,,,,,,18,8.01,22.0,,,,,,,9,6.35,23.3,,,,,,,35,10.9,22.1,,,,,,,8,5.35,25.0,,,,,,,24,12.2,23.9,,,,,,
2026-08-10 04:00:00,4,3.11,22.9,,,,,,,18,8.00,22.4,,,,,,,8.97,6.38,22.5,,,,,,,35,10.8,22.5,,,,,,,8,5.36,24.0,,,,,,,24,12.2,24.2,,,,,,
2026-08-10 06:00:00,4,3.12,22.0,,,,,,,18,7.97,22.6,,,,,,,9,6.45,21.6,,,,,,,35,10.8,22.7,,,,,,,8,5.38,22.9,,,,,,,24,12.2,24.3,,,,,,
2026-08-10 08:00:00,4,3.14,21.2,,,,,,,18,7.93,22.7,,,,,,,8.54,6.53,21.0,,,,,,,35,10.7,22.8,,,,,,,8,5.40,22.1,,,,,,,24,12.1,24.2,,,,,,
2026-08-10 10:00:00,4,3.15,20.9,,,,,,,18,7.91,22.7,,,,,,,8,6.53,20.7,,,,,,,35,10.6,22.8,,,,,,,8,5.40,21.7,,,,,,,24,12.2,24.0,,,,,,
2026-08-10 12:00:00,3.50,3.11,22.6,,,,,,,18,7.88,22.6,,,,,,,8,6.40,21.2,,,,,,,35,10.6,22.7,,,,,,,8,5.35,23.7,,,,,,,24,12.2,23.8,,,,,,
2026-08-10 14:00:00,3,3.00,25.4,,,,,,,18,7.88,22.5,,,,,,,8,6.26,23.0,,,,,,,35,10.6,22.5,,,,,,,8,5.08,26.8,,,,,,,24,12.2,23.6,,,,,,
2026-08-10 16:00:00,3,2.80,26.9,,,,,,,18,7.86,22.4,,,,,,,8,6.04,25.0,,,,,,,35.1,10.6,22.5,,,,,,,8,5.02,29.0,,,,,,,24,12.2,23.6,,,,,,
2026-08-10 18:00:00,3,2.79,27.3,,,,,,,18,7.84,22.6,,,,,,,8,6.02,25.8,,,,,,,36,10.6,22.7,,,,,,,8,4.99,29.3,,,,,,,24,12.2,24.0,,,,,,
2026-08-10 20:00:00,3,2.79,26.8,,,,,,,18,7.78,22.8,,,,,,,8,6.03,25.7,,,,,,,36,10.6,23.0,,,,,,,8,4.99,28.5,,,,,,,24,12.2,24.6,,,,,,
2026-08-10 22:00:00,3,2.80,25.9,,,,,,,18,7.74,23.2,,,,,,,8,6.04,25.1,,,,,,,36,10.5,23.3,,,,,,,7.13,5.01,27.3,,,,,,,24,12.0,25.2,,,,,,
2026-08-11 00:00:00,3,2.81,24.8,,,,,,,18,7.72,23.5,,,,,,,7.84,6.05,24.2,,,,,,,36,10.4,23.7,,,,,,,7.74,5.06,25.9,,,,,,,24,11.9,25.6,,,,,,
2026-08-11 02:00:00,3,2.82,23.6,,,,,,,18,7.72,23.8,,,,,,,7,6.07,23.3,,,,,,,36,10.3,23.9,,,,,,,7,5.08,24.5,,,,,,,24,11.9,25.7,,,,,,
2026-08-11 04:00:00,3,2.83,22.5,,,,,,,18,7.71,23.9,,,,,,,7.77,6.11,22.3,,,,,,,36.0,10.3,24.0,,,,,,,7.01,5.11,23.2,,,,,,,24,11.9,25.7,,,,,,
2026-08-11 06:00:00,3,2.86,21.5,,,,,,,18,7.71,23.9,,,,,,,7.28,6.21,21.4,,,,,,,35.9,10.3,24.0,,,,,,,7,5.13,22.0,,,,,,,24,11.9,25.5,,,,,,
2026-08-11 08:00:00,3,2.94,20.5,,,,,,,18,7.72,23.8,,,,,,,7,6.33,20.5,,,,,,,35.0,10.3,23.8,,,,,,,7,5.14,20.9,,,,,,,23.9,11.9,25.1,,,,,,
2026-08-11 10:00:00,3,3.03,19.9,,,,,,,18,7.72,23.5,,,,,,,7,6.39,19.8,,,,,,,35,10.3,23.5,,,,,,,7,5.16,20.2,,,,,,,23.5,12.0,24.6,,,,,,
2026-08-11 12:00:00,3,2.91,20.9,,,,,,,18,7.73,23.2,,,,,,,7,6.29,19.9,,,,,,,35,10.4,23.1,,,,,,,7,5.11,21.8,,,,,,,23.2,12.0,24.1,,,,,,
2026-08-11 14:00:00,3,2.82,23.6,,,,,,,18,7.74,22.9,,,,,,,7,6.11,21.4,,,,,,,35,10.4,22.6,,,,,,,7,4.85,24.7,,,,,,,23.1,12.0,23.5,,,,,,
2026-08-11 16:00:00,3,2.76,24.8,,,,,,,18,7.75,22.5,,,,,,,7,5.99,23.2,,,,,,,35,10.4,22.3,,,,,,,7,4.79,26.7,,,,,,,23,12.1,23.2,,,,,,
2026-08-11 18:00:00,3,2.59,25.3,,,,,,,18,7.75,22.3,,,,,,,7,5.84,24.3,,,,,,,35.5,10.4,22.1,,,,,,,7,4.79,26.5,,,,,,,23,12.1,23.3,,,,,,
2026-08-11 20:00:00,3,2.58,24.8,,,,,,,18,7.75,22.3,,,,,,,7,5.85,24.0,,,,,,,36,10.4,22.1,,,,,,,7,4.80,25.5,,,,,,,23.7,12.0,23.5,,,,,,
2026-08-11 22:00:00,3,2.62,24.0,,,,,,,18,7.75,22.3,,,,,,,6.87,5.92,23.4,,,,,,,36,10.4,22.2,,,,,,,7,4.81,24.6,,,,,,,24,12.0,23.8,,,,,,
2026-08-12 00:00:00,3,2.73,23.0,,,,,,,18,7.75,22.4,,,,,,,6.48,6.01,22.6,,,,,,,36,10.4,22.3,,,,,,,7,4.83,23.4,,,,,,,23.4,12.0,23.9,,,,,,
2026-08-12 02:00:00,3,2.81,22.0,,,,,,,18,7.75,22.5,,,,,,,6.85,6.08,21.8,,,,,,,35.8,10.4,22.4,,,,,,,7,4.85,22.2,,,,,,,23,12.0,23.9,,,,,,
2026-08-12 04:00:00,3,2.84,21.1,,,,,,,18,7.75,22.5,,,,,,,6,6.11,20.9,,,,,,,35,10.4,22.4,,,,,,,7,4.87,21.2,,,,,,,23,12.0,23.8,,,,,,
2026-08-12 06:00:00,3,2.85,20.3,,,,,,,18,7.75,22.4,,,,,,,6,6.13,20.1,,,,,,,35.3,10.4,22.3,,,,,,,7,4.89,20.2,,,,,,,23,12.0,23.5,,,,,,
2026-08-12 08:00:00,3,2.86,19.5,,,,,,,18,7.75,22.3,,,,,,,6,6.15,19.4,,,,,,,35,10.4,22.1,,,,,,,7,4.93,19.3,,,,,,,23,12.0,23.1,,,,,,
2026-08-12 10:00:00,3,2.87,18.9,,,,,,,18,7.76,22.0,,,,,,,6,6.16,18.8,,,,,,,35,10.4,21.8,,,,,,,7,4.96,18.7,,,,,,,23,12.0,22.7,,,,,,
2026-08-12 12:00:00,3,3.04,20.1,,,,,,,18,7.77,21.7,,,,,,,6,5.73,18.9,,,,,,,35,10.2,21.4,,,,,,,8.81,5.51,20.5,,,,,,,23,12.1,22.2,,,,,,
2026-08-12 14:00:00,3,3.00,22.7,,,,,,,18,7.77,21.4,,,,,,,6,5.56,20.5,,,,,,,35,10.2,21.0,,,,,,,13.7,7.80,23.1,,,,,,,23,12.3,21.7,,,,,,
2026-08-12 16:00:00,3,2.83,23.9,,,,,,,18,7.78,21.1,,,,,,,6,5.54,21.9,,,,,,,35.1,10.2,20.8,,,,,,,13.5,7.60,25.0,,,,,,,23,12.3,21.6,,,,,,
2026-08-12 18:00:00,3,2.83,23.4,,,,,,,18,7.78,21.0,,,,,,,6,5.62,22.2,,,,,,,36,10.2,20.8,,,,,,,13,7.46,23.8,,,,,,,23,12.3,21.7,,,,,,
2026-08-12 20:00:00,3,2.88,22.1,,,,,,,18,7.78,21.1,,,,,,,6,5.79,21.5,,,,,,,36,10.2,21.0,,,,,,,12,7.30,22.6,,,,,,,23,12.3,22.2,,,,,,
2026-08-12 22:00:00,3,3.03,20.8,,,,,,,18,7.77,21.4,,,,,,,6,5.84,20.7,,,,,,,36,10.2,21.3,,,,,,,12,7.25,21.6,,,,,,,23,12.2,22.5,,,,,,
2026-08-13 00:00:00,3,3.13,19.8,,,,,,,18,7.77,21.7,,,,,,,6,5.86,19.8,,,,,,,36,10.2,21.7,,,,,,,11.7,7.09,20.7,,,,,,,23,12.1,22.8,,,,,,
2026-08-13 02:00:00,3,3.15,18.9,,,,,,,18,7.76,21.9,,,,,,,6,5.88,19.1,,,,,,,36,10.2,22.0,,,,,,,11,7.04,19.9,,,,,,,23,12.0,23.0,,,,,,
2026-08-13 04:00:00,3,3.19,18.0,,,,,,,18,7.76,22.1,,,,,,,6,5.97,18.3,,,,,,,35.6,10.2,22.2,,,,,,,11,7.06,19.0,,,,,,,23,12.0,23.0,,,,,,
2026-08-13 06:00:00,3,3.35,17.0,,,,,,,18,7.76,22.1,,,,,,,6,6.12,17.4,,,,,,,35,10.1,22.2,,,,,,,11,7.08,18.1,,,,,,,23,12.0,22.9,,,,,,
2026-08-13 08:00:00,3,3.46,16.2,,,,,,,18,7.76,22.0,,,,,,,6,6.19,16.7,,,,,,,35,10.2,22.1,,,,,,,11,7.08,17.2,,,,,,,22.6,12.0,22.7,,,,,,
2026-08-13 10:00:00,3,3.47,15.9,,,,,,,18,7.76,21.8,,,,,,,6,6.21,16.3,,,,,,,35,10.2,21.8,,,,,,,10.3,7.03,17.0,,,,,,,22.8,12.1,22.4,,,,,,
2026-08-13 12:00:00,3,3.35,18.8,,,,,,,18,7.77,21.5,,,,,,,6,6.05,17.0,,,,,,,35,10.2,21.5,,,,,,,10.5,6.77,19.6,,,,,,,22.4,12.2,21.9,,,,,,
2026-08-13 14:00:00,3,3.13,22.8,,,,,,,18,7.78,21.2,,,,,,,6,5.86,19.8,,,,,,,35,10.1,21.1,,,,,,,10,6.44,23.1,,,,,,,22,12.3,21.5,,,,,,
2026-08-13 16:00:00,3,2.99,25.2,,,,,,,18,7.78,21.0,,,,,,,6,5.81,22.5,,,,,,,35,9.99,21.0,,,,,,,10,6.12,26.2,,,,,,,22.6,12.3,21.5,,,,,,
2026-08-13 18:00:00,3,2.82,26.0,,,,,,,18,7.78,21.1,,,,,,,6,5.78,24.1,,,,,,,35,9.99,21.1,,,,,,,9.25,5.93,26.3,,,,,,,23,12.3,21.9,,,,,,
2026-08-13 20:00:00,3,2.81,25.6,,,,,,,18,7.77,21.5,,,,,,,6,5.78,24.2,,,,,,,35,9.97,21.5,,,,,,,9.07,5.87,25.8,,,,,,,23,12.2,22.7,,,,,,
2026-08-13 22:00:00,3,2.81,24.9,,,,,,,18,7.76,22.0,,,,,,,6,5.78,23.9,,,,,,,35,9.95,22.0,,,,,,,9,5.88,25.2,,,,,,,23,12.1,23.4,,,,,,
2026-08-14 00:00:00,3,2.83,23.7,,,,,,,18,7.72,22.5,,,,,,,6,5.79,23.2,,,,,,,35,9.90,22.6,,,,,,,9,5.90,24.2,,,,,,,23,12.0,24.1,,,,,,
2026-08-14 02:00:00,3,2.89,22.5,,,,,,,18,7.61,23.0,,,,,,,6,5.81,22.3,,,,,,,35,9.88,23.2,,,,,,,9,5.91,23.1,,,,,,,23,12.0,24.5,,,,,,
2026-08-14 04:00:00,3,3.01,21.4,,,,,,,18,7.52,23.4,,,,,,,6,5.84,21.4,,,,,,,35,9.87,23.5,,,,,,,9,5.93,22.1,,,,,,,23,11.9,24.8,,,,,,
2026-08-14 06:00:00,3,3.10,20.6,,,,,,,18,7.48,23.5,,,,,,,6,5.90,20.7,,,,,,,35,9.87,23.6,,,,,,,8.81,5.94,21.2,,,,,,,23,11.8,24.8,,,,,,
2026-08-14 08:00:00,3,3.13,19.9,,,,,,,18,7.47,23.6,,,,,,,6,5.97,20.1,,,,,,,35,9.87,23.6,,,,,,,8,5.94,20.6,,,,,,,22.9,11.8,24.6,,,,,,
2026-08-14 10:00:00,3,3.14,19.8,,,,,,,18,7.48,23.4,,,,,,,6,5.99,19.8,,,,,,,34.8,9.85,23.4,,,,,,,8,5.90,20.5,,,,,,,22,11.9,24.3,,,,,,
2026-08-14 12:00:00,3,2.98,22.2,,,,,,,18,7.48,23.2,,,,,,,6,5.87,20.6,,,,,,,34,9.69,23.1,,,,,,,8.19,5.65,23.0,,,,,,,22,12.0,23.9,,,,,,
2026-08-14 14:00:00,3,2.80,25.9,,,,,,,18,7.49,23.0,,,,,,,6,5.79,23.2,,,,,,,34,9.65,22.9,,,,,,,8,5.34,26.9,,,,,,,22.2,12.0,23.7,,,,,,
2026-08-14 16:00:00,3,2.73,27.9,,,,,,,18,7.48,22.9,,,,,,,6,5.66,25.8,,,,,,,34.8,9.64,22.8,,,,,,,8,5.14,29.7,,,,,,,22.4,12.0,23.7,,,,,,
2026-08-14 18:00:00,3,2.57,28.3,,,,,,,18,7.48,23.1,,,,,,,6,5.55,26.9,,,,,,,35,9.64,23.1,,,,,,,8,5.01,29.7,,,,,,,22.8,12.0,24.3,,,,,,
2026-08-14 20:00:00,3,2.52,27.9,,,,,,,18,7.47,23.4,,,,,,,6,5.57,26.8,,,,,,,35,9.62,23.5,,,,,,,8,5.02,29.1,,,,,,,23,11.9,25.1,,,,,,
2026-08-14 22:00:00,3,2.52,27.2,,,,,,,18,7.46,23.9,,,,,,,6,5.64,26.5,,,,,,,35,9.54,24.1,,,,,,,8,5.03,28.4,,,,,,,23,11.8,25.9,,,,,,
2026-08-15 00:00:00,3,2.55,26.2,,,,,,,18.5,7.44,24.5,,,,,,,6,5.71,25.8,,,,,,,35,9.42,24.7,,,,,,,7.25,5.05,27.2,,,,,,,23,11.7,26.5,,,,,,
2026-08-15 02:00:00,3,2.62,25.0,,,,,,,18,7.40,24.9,,,,,,,6,5.76,24.9,,,,,,,35,9.35,25.2,,,,,,,7.94,5.06,26.1,,,,,,,23,11.7,27.0,,,,,,
2026-08-15 04:00:00,3,2.72,24.0,,,,,,,18,7.31,25.2,,,,,,,5.24,5.78,24.1,,,,,,,35,9.34,25.5,,,,,,,7.19,5.08,25.1,,,,,,,23,11.6,27.1,,,,,,
2026-08-15 06:00:00,3,2.79,23.2,,,,,,,18,7.24,25.4,,,,,,,5,5.79,23.3,,,,,,,35,9.33,25.5,,,,,,,7,5.09,24.2,,,,,,,22.7,11.5,27.1,,,,,,
2026-08-15 08:00:00,3,2.82,22.5,,,,,,,18,7.21,25.4,,,,,,,5.43,5.80,22.7,,,,,,,35,9.34,25.5,,,,,,,7.03,5.11,23.3,,,,,,,22,11.5,26.9,,,,,,
2026-08-15 10:00:00,3,2.83,22.2,,,,,,,18,7.22,25.3,,,,,,,6,5.81,22.3,,,,,,,35,9.34,25.2,,,,,,,7,5.11,23.2,,,,,,,22,11.6,26.6,,,,,,
2026-08-15 12:00:00,3,2.78,23.1,,,,,,,18,7.21,25.0,,,,,,,5.60,5.81,22.6,,,,,,,34.3,9.35,24.9,,,,,,,7,5.08,24.4,,,,,,,22,11.7,26.1,,,,,,
2026-08-15 14:00:00,3,2.59,24.8,,,,,,,18,7.21,24.8,,,,,,,5,5.76,23.9,,,,,,,34,9.26,24.6,,,,,,,7,4.82,26.5,,,,,,,22,11.7,25.8,,,,,,
2026-08-15 16:00:00,3,2.52,26.0,,,,,,,18,7.22,24.5,,,,,,,5,5.66,25.1,,,,,,,34,9.21,24.4,,,,,,,7,4.77,27.8,,,,,,,22,11.7,25.6,,,,,,
2026-08-15 18:00:00,3,2.52,26.2,,,,,,,18,7.23,24.5,,,,,,,5.01,5.64,25.5,,,,,,,34,9.21,24.3,,,,,,,7,4.77,27.7,,,,,,,22,11.7,25.6,,,,,,
2026-08-15 20:00:00,3,2.52,25.7,,,,,,,18,7.23,24.5,,,,,,,5,5.67,25.2,,,,,,,34,9.22,24.4,,,,,,,7,4.78,26.8,,,,,,,22,11.7,25.8,,,,,,
2026-08-15 22:00:00,3,2.53,25.2,,,,,,,18,7.22,24.6,,,,,,,5,5.71,24.8,,,,,,,34,9.20,24.6,,,,,,,7,4.79,26.2,,,,,,,22,11.7,26.0,,,,,,
2026-08-16 00:00:00,3,2.54,24.6,,,,,,,18,7.20,24.7,,,,,,,5,5.74,24.3,,,,,,,34,9.18,24.7,,,,,,,7,4.80,25.3,,,,,,,22,11.7,26.0,,,,,,
2026-08-16 02:00:00,3,2.56,24.0,,,,,,,18,7.19,24.8,,,,,,,5,5.77,23.9,,,,,,,34,9.14,24.8,,,,,,,7,4.81,24.7,,,,,,,22,11.6,26.0,,,,,,
2026-08-16 04:00:00,3,2.58,23.6,,,,,,,18,7.19,24.8,,,,,,,5,5.78,23.5,,,,,,,34,9.14,24.7,,,,,,,7,4.82,24.1,,,,,,,22,11.6,25.9,,,,,,
2026-08-16 06:00:00,3,2.63,23.1,,,,,,,18,7.19,24.7,,,,,,,5,5.80,23.0,,,,,,,34,9.13,24.6,,,,,,,7,4.83,23.4,,,,,,,22,11.6,25.7,,,,,,
2026-08-16 08:00:00,3,2.70,22.5,,,,,,,18,7.20,24.6,,,,,,,5,5.81,22.5,,,,,,,34,9.14,24.4,,,,,,,7,4.85,22.5,,,,,,,22,11.7,25.4,,,,,,
2026-08-16 10:00:00,3,2.75,22.0,,,,,,,18,7.20,24.4,,,,,,,5,5.82,22.0,,,,,,,34,9.14,24.2,,,,,,,7,4.85,22.2,,,,,,,22,11.7,25.0,,,,,,
2026-08-16 12:00:00,3,2.64,22.9,,,,,,,18,7.20,24.1,,,,,,,5,5.81,22.1,,,,,,,34,9.14,23.9,,,,,,,7,4.77,23.7,,,,,,,22,11.8,24.6,,,,,,
2026-08-16 14:00:00,2.26,2.53,25.1,,,,,,,18,7.21,23.8,,,,,,,5,5.71,23.3,,,,,,,33.2,9.12,23.6,,,,,,,6.94,4.52,26.1,,,,,,,22,11.8,24.3,,,,,,
2026-08-16 16:00:00,2,2.52,26.1,,,,,,,18,7.21,23.6,,,,,,,5,5.56,24.6,,,,,,,33,9.04,23.4,,,,,,,6,4.48,27.9,,,,,,,22,11.8,24.1,,,,,,
2026-08-16 18:00:00,2,2.50,26.4,,,,,,,18,7.21,23.5,,,,,,,5,5.52,25.1,,,,,,,33.9,9.03,23.3,,,,,,,6,4.41,28.3,,,,,,,22,11.8,24.3,,,,,,
2026-08-16 20:00:00,2,2.49,26.2,,,,,,,18,7.21,23.5,,,,,,,5,5.52,25.2,,,,,,,34,9.02,23.4,,,,,,,6,4.37,27.9,,,,,,,22,11.8,24.6,,,,,,
2026-08-16 22:00:00,2,2.51,25.7,,,,,,,18,7.21,23.6,,,,,,,5,5.55,24.9,,,,,,,34,9.01,23.5,,,,,,,6,4.41,27.0,,,,,,,22,11.8,24.9,,,,,,
2026-08-17 00:00:00,2,2.53,24.9,,,,,,,18,7.21,23.7,,,,,,,5,5.62,24.2,,,,,,,34,8.97,23.7,,,,,,,6,4.49,25.7,,,,,,,22,11.7,25.2,,,,,,
2026-08-17 02:00:00,2,2.54,23.8,,,,,,,18,7.20,23.8,,,,,,,5,5.71,23.4,,,,,,,34,8.94,23.8,,,,,,,6,4.54,24.3,,,,,,,22,11.6,25.3,,,,,,
2026-08-17 04:00:00,2,2.54,22.9,,,,,,,18,7.20,23.9,,,,,,,5,5.78,22.6,,,,,,,34,8.92,23.8,,,,,,,6,4.56,23.2,,,,,,,21.7,11.6,25.2,,,,,,
2026-08-17 06:00:00,2,2.55,22.1,,,,,,,18,7.20,23.8,,,,,,,5,5.81,21.9,,,,,,,34,8.91,23.7,,,,,,,6,4.57,22.3,,,,,,,21,11.6,25.0,,,,,,
2026-08-17 08:00:00,2,2.58,21.5,,,,,,,18,7.21,23.7,,,,,,,5,5.83,21.4,,,,,,,33.5,8.91,23.5,,,,,,,6,4.58,21.7,,,,,,,21.0,11.6,24.6,,,,,,
2026-08-17 10:00:00,2,2.63,21.1,,,,,,,18,7.21,23.4,,,,,,,5,5.84,21.0,,,,,,,33,8.91,23.2,,,,,,,6,4.59,21.2,,,,,,,21,11.7,24.2,,,,,,
2026-08-17 12:00:00,2,2.84,20.9,,,,,,,18,7.22,23.1,,,,,,,5,5.71,20.7,,,,,,,33,8.92,22.8,,,,,,,6,4.37,20.9,,,,,,,21,11.6,23.8,,,,,,
2026-08-17 14:00:00,2,2.85,20.7,,,,,,,18,7.23,22.8,,,,,,,5,5.57,20.5,,,,,,,33,8.93,22.4,,,,,,,6,4.28,20.9,,,,,,,21,11.6,23.3,,,,,,
2026-08-17 16:00:00,2,2.85,20.8,,,,,,,18,7.24,22.5,,,,,,,5,5.60,20.5,,,,,,,33,8.94,22.1,,,,,,,6,4.27,21.3,,,,,,,21,11.8,22.8,,,,,,
2026-08-17 18:00:00,2,2.83,20.9,,,,,,,18,7.24,22.1,,,,,,,5,5.75,20.5,,,,,,,33,8.96,21.7,,,,,,,6,4.30,21.4,,,,,,,21,11.8,22.4,,,,,,
2026-08-17 20:00:00,2,2.83,20.7,,,,,,,18,7.26,21.8,,,,,,,5,5.79,20.3,,,,,,,33,8.96,21.4,,,,,,,6,4.31,20.9,,,,,,,21,11.9,22.1,,,,,,
2026-08-17 22:00:00,2,2.85,20.2,,,,,,,18,7.30,21.6,,,,,,,5,5.83,19.9,,,,,,,33,8.97,21.2,,,,,,,6,4.33,20.2,,,,,,,21,11.9,21.8,,,,,,
2026-08-18 00:00:00,2,2.86,19.7,,,,,,,18,7.36,21.3,,,,,,,5,5.86,19.5,,,,,,,33,9.00,21.0,,,,,,,6,4.34,19.5,,,,,,,21,11.9,21.5,,,,,,
2026-08-18 02:00:00,2,2.86,19.2,,,,,,,18,7.40,21.1,,,,,,,5,5.87,19.0,,,,,,,33,9.00,20.8,,,,,,,6,4.35,18.9,,,,,,,21,11.9,21.3,,,,,,
2026-08-18 04:00:00,2,2.87,18.7,,,,,,,18,7.44,20.9,,,,,,,5,5.88,18.6,,,,,,,33,9.10,20.6,,,,,,,6,4.35,18.4,,,,,,,21,12.0,21.0,,,,,,
2026-08-18 06:00:00,2,2.87,18.3,,,,,,,18,7.45,20.7,,,,,,,5,5.89,18.1,,,,,,,32.9,9.19,20.4,,,,,,,6,4.36,17.8,,,,,,,21,12.0,20.7,,,,,,
2026-08-18 08:00:00,2,2.88,17.9,,,,,,,18,7.41,20.5,,,,,,,5,5.90,17.7,,,,,,,32.1,9.10,20.2,,,,,,,6,4.37,17.4,,,,,,,21,12.1,20.4,,,,,,
2026-08-18 10:00:00,2,2.98,17.6,,,,,,,18,7.35,20.2,,,,,,,5,5.64,17.5,,,,,,,32,9.08,19.9,,,,,,,6,4.12,17.3,,,,,,,21,12.0,20.1,,,,,,
2026-08-18 12:00:00,2,3.07,17.5,,,,,,,18,7.44,20.0,,,,,,,5,5.59,17.4,,,,,,,32,9.08,19.6,,,,,,,6,4.09,17.4,,,,,,,21,12.0,19.8,,,,,,
2026-08-18 14:00:00,2,3.11,17.8,,,,,,,18,7.53,19.7,,,,,,,5,5.38,17.6,,,,,,,32,9.05,19.4,,,,,,,6.66,4.52,18.0,,,,,,,21,12.0,19.5,,,,,,
2026-08-18 16:00:00,2,3.12,18.3,,,,,,,18,7.55,19.5,,,,,,,5,5.33,17.9,,,,,,,32,9.03,19.2,,,,,,,11.0,6.95,18.7,,,,,,,21,12.1,19.2,,,,,,
2026-08-18 18:00:00,2,3.09,18.9,,,,,,,18,7.57,19.3,,,,,,,5,5.32,18.4,,,,,,,32,9.05,19.0,,,,,,,13.4,8.14,19.3,,,,,,,21,12.1,19.1,,,,,,
2026-08-18 20:00:00,2,3.08,19.0,,,,,,,18,7.57,19.1,,,,,,,5,5.31,18.6,,,,,,,32,9.06,18.8,,,,,,,15.0,8.59,19.3,,,,,,,21,12.2,18.9,,,,,,
2026-08-18 22:00:00,2,3.07,19.0,,,,,,,18,7.58,19.0,,,,,,,5,5.31,18.6,,,,,,,32,9.07,18.7,,,,,,,15,8.50,19.1,,,,,,,21,12.2,18.9,,,,,,
2026-08-19 00:00:00,2,3.11,18.6,,,,,,,18,7.58,18.9,,,,,,,5,5.32,18.3,,,,,,,32,9.08,18.7,,,,,,,15,8.37,18.5,,,,,,,21,12.2,18.8,,,,,,
2026-08-19 02:00:00,2,3.13,18.2,,,,,,,18,7.58,18.8,,,,,,,5,5.33,18.0,,,,,,,32,9.09,18.6,,,,,,,14,8.38,18.0,,,,,,,21,12.2,18.8,,,,,,
2026-08-19 04:00:00,2,3.15,17.9,,,,,,,18,7.58,18.8,,,,,,,5,5.33,17.7,,,,,,,32,9.11,18.6,,,,,,,14,8.33,17.7,,,,,,,21,12.2,18.7,,,,,,
2026-08-19 06:00:00,2,3.16,17.8,,,,,,,18,7.58,18.7,,,,,,,5,5.34,17.6,,,,,,,32,9.12,18.6,,,,,,,14,8.17,17.7,,,,,,,21,12.2,18.6,,,,,,
2026-08-19 08:00:00,2,3.16,17.9,,,,,,,18,7.59,18.6,,,,,,,5,5.35,17.7,,,,,,,32,9.11,18.5,,,,,,,14,8.13,17.9,,,,,,,21,12.2,18.5,,,,,,
2026-08-19 10:00:00,2,3.15,18.1,,,,,,,18,7.59,18.6,,,,,,,5,5.39,17.8,,,,,,,32,9.13,18.4,,,,,,,14,8.12,18.0,,,,,,,21,12.2,18.5,,,,,,
2026-08-19 12:00:00,2,3.15,18.3,,,,,,,18,7.59,18.5,,,,,,,5,5.54,18.0,,,,,,,32,9.19,18.4,,,,,,,13.5,8.11,18.4,,,,,,,21,12.2,18.4,,,,,,
2026-08-19 14:00:00,2,3.12,18.7,,,,,,,18,7.59,18.5,,,,,,,5,5.60,18.3,,,,,,,32,9.22,18.4,,,,,,,13.5,8.09,19.1,,,,,,,21,12.2,18.3,,,,,,
2026-08-19 16:00:00,2,3.05,19.2,,,,,,,18,7.59,18.4,,,,,,,5,5.61,18.9,,,,,,,31.7,9.15,18.3,,,,,,,13,8.00,19.9,,,,,,,21,12.4,18.3,,,,,,
2026-08-19 18:00:00,2,3.11,19.2,,,,,,,18,7.59,18.4,,,,,,,5.14,5.70,18.9,,,,,,,31,9.18,18.4,,,,,,,13,8.05,19.8,,,,,,,21,12.3,18.4,,,,,,
2026-08-19 20:00:00,3.39,3.98,18.7,,,,,,,18,7.61,18.5,,,,,,,36.6,12.0,18.5,,,,,,,31,9.07,18.4,,,,,,,16.1,11.3,19.1,,,,,,,21,12.2,18.5,,,,,,
2026-08-19 22:00:00,13.9,10.0,18.0,,,,,,,18,7.63,18.5,,,,,,,52.4,19.6,17.8,,,,,,,31,9.05,18.5,,,,,,,12.2,12.4,18.2,,,,,,,21,12.1,18.6,,,,,,
2026-08-20 00:00:00,13.8,10.2,17.6,,,,,,,18,7.60,18.5,,,,,,,40.3,18.7,17.5,,,,,,,31,9.05,18.5,,,,,,,9.86,11.0,17.8,,,,,,,22.2,12.2,18.6,,,,,,
2026-08-20 02:00:00,13,10.1,17.4,,,,,,,18,7.60,18.4,,,,,,,36.0,18.2,17.3,,,,,,,31,9.05,18.5,,,,,,,8.55,10.2,17.5,,,,,,,24.8,12.5,18.5,,,,,,
2026-08-20 04:00:00,13,10.00,17.2,,,,,,,18,7.60,18.4,,,,,,,34.0,17.9,17.1,,,,,,,31,9.05,18.4,,,,,,,8,9.76,17.3,,,,,,,24.4,12.7,18.4,,,,,,
2026-08-20 06:00:00,13,9.84,17.0,,,,,,,18,7.60,18.2,,,,,,,32.6,17.6,17.0,,,,,,,31,9.06,18.3,,,,,,,7.44,9.33,17.0,,,,,,,25,13.0,18.3,,,,,,
2026-08-20 08:00:00,13,9.83,16.8,,,,,,,18,7.61,18.1,,,,,,,31.7,17.4,16.7,,,,,,,31,9.06,18.2,,,,,,,7,9.03,16.7,,,,,,,25,13.2,18.1,,,,,,
2026-08-20 10:00:00,12.9,9.80,16.8,,,,,,,18,7.61,18.0,,,,,,,31,17.2,16.7,,,,,,,31,9.08,18.0,,,,,,,7,8.73,16.9,,,,,,,25.6,13.5,17.9,,,,,,
2026-08-20 12:00:00,12,9.60,17.5,,,,,,,18,7.61,17.8,,,,,,,30.1,16.9,17.2,,,,,,,31,9.07,17.8,,,,,,,7,8.34,17.9,,,,,,,26.0,13.7,17.8,,,,,,
2026-08-20 14:00:00,12.3,9.48,18.8,,,,,,,18,7.61,17.7,,,,,,,29.1,16.4,18.3,,,,,,,31,9.08,17.7,,,,,,,6.36,7.90,19.7,,,,,,,27,13.9,17.7,,,,,,
2026-08-20 16:00:00,12,9.23,19.5,,,,,,,18,7.62,17.6,,,,,,,28,15.9,18.8,,,,,,,30.9,9.13,17.6,,,,,,,6,7.42,21.4,,,,,,,27,14.1,17.7,,,,,,
2026-08-20 18:00:00,12,9.02,19.5,,,,,,,18,7.62,17.7,,,,,,,26.8,15.5,18.8,,,,,,,31.0,9.17,17.7,,,,,,,6,7.19,21.0,,,,,,,28.0,14.1,17.9,,,,,,
2026-08-20 20:00:00,11.6,8.84,19.1,,,,,,,18,7.61,17.9,,,,,,,26.1,15.3,18.5,,,,,,,31,9.15,17.9,,,,,,,5.64,7.03,20.2,,,,,,,28,14.2,18.3,,,,,,
2026-08-20 22:00:00,11,8.78,18.7,,,,,,,18,7.60,18.1,,,,,,,25.8,15.1,18.1,,,,,,,30.3,9.11,18.2,,,,,,,5.02,6.98,19.4,,,,,,,28.8,14.2,18.6,,,,,,
2026-08-21 00:00:00,11,8.72,18.1,,,,,,,18,7.59,18.3,,,,,,,25,15.0,17.7,,,,,,,30,9.07,18.5,,,,,,,5.87,6.83,18.5,,,,,,,28.9,14.2,18.9,,,,,,
2026-08-21 02:00:00,11,8.63,17.7,,,,,,,18,7.59,18.5,,,,,,,25,14.9,17.4,,,,,,,30,9.05,18.7,,,,,,,5,6.82,17.9,,,,,,,28,14.2,19.1,,,,,,
2026-08-21 04:00:00,11,8.61,17.2,,,,,,,18,7.59,18.5,,,,,,,24.2,14.9,17.0,,,,,,,30,9.04,18.7,,,,,,,5,6.84,17.1,,,,,,,28,14.1,19.1,,,,,,
2026-08-21 06:00:00,11,8.62,16.7,,,,,,,18,7.59,18.5,,,,,,,24,14.8,16.6,,,,,,,30,9.04,18.7,,,,,,,5,6.83,16.4,,,,,,,28,14.1,19.1,,,,,,
2026-08-21 08:00:00,11,8.63,16.3,,,,,,,18,7.59,18.5,,,,,,,24,14.8,16.2,,,,,,,30,9.05,18.7,,,,,,,5,6.73,15.9,,,,,,,28.8,14.1,18.9,,,,,,
2026-08-21 10:00:00,11,8.62,16.2,,,,,,,18,7.59,18.4,,,,,,,23.4,14.7,16.2,,,,,,,30,9.05,18.5,,,,,,,5,6.60,16.1,,,,,,,28,14.1,18.7,,,,,,
2026-08-21 12:00:00,11,8.58,17.1,,,,,,,18,7.60,18.2,,,,,,,23,14.5,16.8,,,,,,,30,9.06,18.3,,,,,,,5,6.54,17.5,,,,,,,28,14.2,18.5,,,,,,
2026-08-21 14:00:00,11,8.44,18.3,,,,,,,18,7.60,18.0,,,,,,,22.8,14.2,17.7,,,,,,,30,9.07,18.0,,,,,,,5,6.29,19.2,,,,,,,28,14.3,18.3,,,,,,
2026-08-21 16:00:00,11,8.27,19.1,,,,,,,18,7.61,17.9,,,,,,,22,13.9,18.4,,,,,,,30,9.07,17.9,,,,,,,5,6.20,20.6,,,,,,,28,14.3,18.2,,,,,,
2026-08-21 18:00:00,11,8.10,19.5,,,,,,,18,7.61,17.9,,,,,,,21.2,13.6,18.7,,,,,,,30,9.07,17.9,,,,,,,5,5.98,21.2,,,,,,,28,14.3,18.3,,,,,,
2026-08-21 20:00:00,10.9,8.03,19.3,,,,,,,18,7.60,18.0,,,,,,,21,13.5,18.6,,,,,,,30,9.01,18.0,,,,,,,5,5.96,20.7,,,,,,,28,14.2,18.6,,,,,,
2026-08-21 22:00:00,10,8.02,18.8,,,,,,,18,7.60,18.2,,,,,,,21,13.4,18.2,,,,,,,30,8.96,18.3,,,,,,,5,5.98,19.7,,,,,,,28,14.1,18.8,,,,,,
2026-08-22 00:00:00,10,8.03,18.2,,,,,,,18,7.57,18.4,,,,,,,20.1,13.4,17.8,,,,,,,30,8.85,18.4,,,,,,,4.93,6.00,18.7,,,,,,,28,14.0,19.0,,,,,,
2026-08-22 02:00:00,10.1,8.05,17.8,,,,,,,18,7.57,18.5,,,,,,,20,13.4,17.5,,,,,,,30,8.85,18.6,,,,,,,4.74,6.01,18.2,,,,,,,28,14.0,19.1,,,,,,
2026-08-22 04:00:00,10,8.06,17.5,,,,,,,18,7.57,18.5,,,,,,,20,13.4,17.3,,,,,,,30,8.80,18.6,,,,,,,5,6.02,17.7,,,,,,,28,14.0,19.1,,,,,,
2026-08-22 06:00:00,10,8.12,17.2,,,,,,,18,7.58,18.5,,,,,,,20.3,13.5,17.0,,,,,,,30,8.80,18.5,,,,,,,5,6.03,17.3,,,,,,,28,14.0,19.0,,,,,,
2026-08-22 08:00:00,10,8.14,16.8,,,,,,,18,7.59,18.4,,,,,,,20,13.5,16.7,,,,,,,29.3,8.80,18.4,,,,,,,5,6.05,16.8,,,,,,,28,14.1,18.9,,,,,,
2026-08-22 10:00:00,10,8.13,16.6,,,,,,,18,7.59,18.2,,,,,,,20,13.5,16.5,,,,,,,29,8.82,18.3,,,,,,,5,6.05,16.6,,,,,,,27.3,14.1,18.7,,,,,,
2026-08-22 12:00:00,10.7,8.07,17.4,,,,,,,18,7.60,18.1,,,,,,,20,13.5,17.0,,,,,,,29,8.86,18.1,,,,,,,4.83,6.02,17.8,,,,,,,28,14.1,18.5,,,,,,
2026-08-22 14:00:00,10.1,8.03,18.5,,,,,,,18,7.61,17.9,,,,,,,20,13.3,17.9,,,,,,,29,8.88,17.9,,,,,,,4.60,5.99,19.1,,,,,,,28,14.1,18.3,,,,,,
2026-08-22 16:00:00,10,7.87,19.1,,,,,,,18,7.61,17.8,,,,,,,19.0,13.1,18.3,,,,,,,29,8.91,17.8,,,,,,,4.51,5.89,20.0,,,,,,,28,14.1,18.2,,,,,,
2026-08-22 18:00:00,10,7.76,19.1,,,,,,,18,7.61,17.8,,,,,,,19,13.0,18.2,,,,,,,29,9.06,17.8,,,,,,,4,5.76,20.1,,,,,,,28,14.1,18.3,,,,,,
2026-08-22 20:00:00,10,7.76,18.9,,,,,,,18,7.61,17.9,,,,,,,19,13.0,18.1,,,,,,,29,9.06,17.8,,,,,,,4,5.71,19.9,,,,,,,28,14.1,18.5,,,,,,
2026-08-22 22:00:00,10,7.77,18.5,,,,,,,18,7.60,18.0,,,,,,,18.1,13.0,17.8,,,,,,,29,9.05,18.0,,,,,,,4,5.72,19.2,,,,,,,27.0,14.1,18.7,,,,,,
2026-08-23 00:00:00,10,7.80,17.7,,,,,,,18,7.60,18.1,,,,,,,18,13.0,17.2,,,,,,,29,9.03,18.2,,,,,,,4.32,5.75,18.0,,,,,,,27,14.1,18.8,,,,,,
2026-08-23 02:00:00,10,7.82,16.9,,,,,,,18,7.60,18.2,,,,,,,18,13.0,16.6,,,,,,,29,9.02,18.2,,,,,,,4,5.78,16.9,,,,,,,27,14.0,18.9,,,,,,
2026-08-23 04:00:00,10,7.84,16.1,,,,,,,18,7.60,18.2,,,,,,,18,13.1,15.9,,,,,,,29,9.01,18.2,,,,,,,4,5.81,15.9,,,,,,,27,14.0,18.8,,,,,,
2026-08-23 06:00:00,10,7.86,15.3,,,,,,,18,7.60,18.1,,,,,,,18,13.1,15.3,,,,,,,29,9.00,18.1,,,,,,,4,5.85,15.0,,,,,,,27,14.0,18.7,,,,,,
2026-08-23 08:00:00,10,7.88,14.8,,,,,,,18,7.61,17.9,,,,,,,18,13.1,14.8,,,,,,,29,9.01,17.9,,,,,,,4,5.89,14.4,,,,,,,27,14.1,18.4,,,,,,
2026-08-23 10:00:00,10,7.88,14.8,,,,,,,18,7.61,17.6,,,,,,,18,13.1,14.7,,,,,,,28.8,9.04,17.5,,,,,,,4,5.84,14.7,,,,,,,27,14.1,18.0,,,,,,
2026-08-23 12:00:00,10,7.85,15.7,,,,,,,18,7.63,17.3,,,,,,,17.8,12.9,15.3,,,,,,,28.7,9.06,17.2,,,,,,,4,5.78,16.0,,,,,,,27,14.1,17.7,,,,,,
2026-08-23 14:00:00,10,7.78,16.8,,,,,,,18,7.65,17.0,,,,,,,17,12.8,16.1,,,,,,,28.3,9.06,16.8,,,,,,,4,5.71,17.7,,,,,,,27,14.1,17.3,,,,,,
2026-08-23 16:00:00,10,7.59,17.7,,,,,,,18,7.69,16.8,,,,,,,17,12.6,16.7,,,,,,,28,9.09,16.6,,,,,,,4,5.51,18.9,,,,,,,27,14.1,17.1,,,,,,
2026-08-23 18:00:00,10,7.53,18.0,,,,,,,18,7.71,16.7,,,,,,,16.8,12.5,17.0,,,,,,,28,9.10,16.5,,,,,,,4,5.45,19.3,,,,,,,27,14.1,17.1,,,,,,
2026-08-23 20:00:00,9.54,7.49,18.0,,,,,,,18,7.68,16.7,,,,,,,16,12.5,17.1,,,,,,,28,9.10,16.6,,,,,,,4,5.45,19.1,,,,,,,27,14.1,17.2,,,,,,
2026-08-23 22:00:00,9.42,7.43,17.4,,,,,,,18,7.66,16.8,,,,,,,16,12.5,16.7,,,,,,,28,9.08,16.7,,,,,,,4,5.47,18.0,,,,,,,27,14.1,17.4,,,,,,
2026-08-24 00:00:00,9.24,7.40,16.6,,,,,,,18,7.64,17.0,,,,,,,16,12.6,16.1,,,,,,,28,9.06,16.8,,,,,,,4,5.50,16.8,,,,,,,27,14.1,17.5,,,,,,
2026-08-24 02:00:00,9,7.47,15.7,,,,,,,18,7.63,17.0,,,,,,,16,12.6,15.5,,,,,,,28,9.04,17.0,,,,,,,4,5.53,15.7,,,,,,,27,14.1,17.5,,,,,,
2026-08-24 04:00:00,9,7.55,15.0,,,,,,,18,7.63,17.0,,,,,,,16,12.7,14.9,,,,,,,28,9.01,17.0,,,,,,,4,5.57,14.8,,,,,,,27,14.1,17.5,,,,,,
2026-08-24 06:00:00,9,7.61,14.3,,,,,,,18,7.64,16.9,,,,,,,16,12.7,14.3,,,,,,,28,9.03,16.8,,,,,,,4,5.63,13.9,,,,,,,26.4,14.1,17.3,,,,,,
2026-08-24 08:00:00,9,7.64,13.7,,,,,,,18,7.65,16.7,,,,,,,16,12.7,13.7,,,,,,,28,9.05,16.6,,,,,,,4,5.69,13.1,,,,,,,26.5,14.1,17.1,,,,,,
2026-08-24 10:00:00,9,7.66,13.3,,,,,,,17.7,7.70,16.4,,,,,,,15.9,12.7,13.3,,,,,,,28,9.08,16.3,,,,,,,4,5.80,12.8,,,,,,,26.2,14.2,16.7,,,,,,
2026-08-24 12:00:00,9.27,7.53,14.9,,,,,,,17,7.74,16.1,,,,,,,15.1,12.5,14.4,,,,,,,28,9.06,15.9,,,,,,,4,5.61,14.7,,,,,,,26,14.2,16.3,,,,,,
2026-08-24 14:00:00,9.31,7.28,17.7,,,,,,,17,7.86,15.8,,,,,,,15,12.0,16.7,,,,,,,28,9.04,15.6,,,,,,,4,5.46,18.1,,,,,,,26.4,14.3,16.0,,,,,,
2026-08-24 16:00:00,9,7.01,19.4,,,,,,,17.0,7.90,15.7,,,,,,,14.9,11.8,17.5,,,,,,,28,9.06,15.4,,,,,,,4,5.19,20.8,,,,,,,27,14.4,15.9,,,,,,
2026-08-24 18:00:00,9,6.98,19.1,,,,,,,17.9,7.87,15.8,,,,,,,14,11.8,17.5,,,,,,,28,9.07,15.5,,,,,,,4,5.19,20.7,,,,,,,27,14.3,16.3,,,,,,
2026-08-24 20:00:00,9,6.99,18.7,,,,,,,18,7.80,16.1,,,,,,,14,11.7,17.4,,,,,,,28,9.04,15.7,,,,,,,4,5.22,20.2,,,,,,,27,14.2,16.8,,,,,,
2026-08-24 22:00:00,9,7.00,18.2,,,,,,,18,7.69,16.5,,,,,,,14,11.7,17.2,,,,,,,28,8.96,16.1,,,,,,,4,5.27,19.5,,,,,,,27,14.1,17.4,,,,,,
2026-08-25 00:00:00,9,6.96,17.6,,,,,,,18,7.65,16.8,,,,,,,14,11.7,16.8,,,,,,,28,8.90,16.5,,,,,,,4,5.35,18.4,,,,,,,27,14.1,17.8,,,,,,
2026-08-25 02:00:00,9,6.96,16.9,,,,,,,18,7.63,17.1,,,,,,,14,11.7,16.4,,,,,,,28,8.86,16.8,,,,,,,4,5.41,17.5,,,,,,,27,14.0,18.1,,,,,,
2026-08-25 04:00:00,9,6.99,16.3,,,,,,,18,7.62,17.3,,,,,,,14,11.8,15.9,,,,,,,28,8.85,17.0,,,,,,,4,5.47,16.6,,,,,,,26.3,14.0,18.2,,,,,,
2026-08-25 06:00:00,9,7.04,15.7,,,,,,,18,7.62,17.3,,,,,,,14,11.9,15.4,,,,,,,28,8.84,17.1,,,,,,,4,5.50,15.7,,,,,,,26.1,13.9,18.2,,,,,,
2026-08-25 08:00:00,9,7.07,15.1,,,,,,,18,7.62,17.3,,,,,,,14,11.9,14.9,,,,,,,28,8.84,17.0,,,,,,,4,5.52,15.0,,,,,,,26.8,13.9,18.1,,,,,,
2026-08-25 10:00:00,9,7.08,14.8,,,,,,,18,7.63,17.1,,,,,,,13.9,11.9,14.7,,,,,,,27.8,8.85,16.9,,,,,,,4,5.53,14.7,,,,,,,26,13.9,17.8,,,,,,
2026-08-25 12:00:00,9,7.09,15.8,,,,,,,17.8,7.63,16.9,,,,,,,13.3,11.5,15.3,,,,,,,27.9,8.82,16.6,,,,,,,4,5.44,15.8,,,,,,,26,14.0,17.5,,,,,,
2026-08-25 14:00:00,9,7.11,17.2,,,,,,,17.9,7.65,16.6,,,,,,,14.0,11.4,16.5,,,,,,,27.6,8.68,16.4,,,,,,,6.66,8.55,17.9,,,,,,,26,14.1,17.2,,,,,,
2026-08-25 16:00:00,9,7.16,18.3,,,,,,,18,7.66,16.5,,,,,,,21.4,14.6,17.3,,,,,,,27,8.73,16.2,,,,,,,8.11,8.98,19.6,,,,,,,26,14.1,17.1,,,,,,
2026-08-25 18:00:00,9.97,7.79,18.6,,,,,,,18,7.66,16.5,,,,,,,24.9,15.6,17.7,,,,,,,27.0,8.78,16.3,,,,,,,9,8.83,19.9,,,,,,,26,14.1,17.2,,,,,,
2026-08-25 20:00:00,10.9,8.23,18.5,,,,,,,18,7.65,16.7,,,,,,,25,15.7,17.7,,,,,,,28.0,8.83,16.5,,,,,,,9,8.73,19.7,,,,,,,26.3,14.1,17.4,,,,,,
2026-08-25 22:00:00,11,8.51,18.2,,,,,,,18,7.63,17.0,,,,,,,25,15.7,17.6,,,,,,,27.2,8.83,16.8,,,,,,,9,8.60,19.2,,,,,,,27,14.0,17.8,,,,,,
2026-08-26 00:00:00,11.9,8.66,17.8,,,,,,,18,7.62,17.3,,,,,,,24.4,15.8,17.3,,,,,,,27.3,8.78,17.2,,,,,,,8.60,8.61,18.6,,,,,,,26.8,13.9,18.1,,,,,,
2026-08-26 02:00:00,12,8.82,17.5,,,,,,,18,7.62,17.5,,,,,,,24,15.8,17.1,,,,,,,28,8.69,17.5,,,,,,,8,8.60,18.1,,,,,,,26,13.9,18.3,,,,,,
2026-08-26 04:00:00,12,8.83,17.1,,,,,,,18,7.61,17.7,,,,,,,24,15.8,16.9,,,,,,,28,8.62,17.7,,,,,,,8,8.48,17.6,,,,,,,26,13.9,18.5,,,,,,
2026-08-26 06:00:00,12,8.87,16.8,,,,,,,18,7.61,17.8,,,,,,,24,15.7,16.6,,,,,,,27.4,8.59,17.8,,,,,,,8,8.41,17.1,,,,,,,26,13.9,18.5,,,,,,
2026-08-26 08:00:00,12,9.00,16.5,,,,,,,18,7.61,17.8,,,,,,,23.3,15.7,16.4,,,,,,,27,8.59,17.9,,,,,,,8,8.41,16.7,,,,,,,26,13.9,18.5,,,,,,
2026-08-26 10:00:00,12,9.07,16.5,,,,,,,18,7.61,17.8,,,,,,,23,15.6,16.3,,,,,,,27.0,8.58,17.8,,,,,,,8,8.41,16.7,,,,,,,26,13.9,18.4,,,,,,
2026-08-26 12:00:00,12,9.01,17.2,,,,,,,18,7.61,17.7,,,,,,,23,15.6,16.8,,,,,,,27,8.58,17.7,,,,,,,8,8.19,17.7,,,,,,,26,13.9,18.3,,,,,,
2026-08-26 14:00:00,12,8.84,18.3,,,,,,,18,7.61,17.6,,,,,,,23,15.3,17.6,,,,,,,27,8.58,17.6,,,,,,,8,8.00,19.1,,,,,,,26,13.9,18.1,,,,,,
2026-08-26 16:00:00,12,8.77,19.2,,,,,,,18,7.61,17.6,,,,,,,22.2,15.1,18.2,,,,,,,27,8.58,17.6,,,,,,,7.89,7.72,20.4,,,,,,,26.4,13.9,18.1,,,,,,
2026-08-26 18:00:00,12,8.70,19.5,,,,,,,18,7.61,17.7,,,,,,,22,14.9,18.6,,,,,,,27,8.57,17.7,,,,,,,7,7.54,20.6,,,,,,,26,13.9,18.3,,,,,,
2026-08-26 20:00:00,12,8.58,19.2,,,,,,,18,7.61,17.9,,,,,,,21.0,14.7,18.5,,,,,,,27,8.57,17.9,,,,,,,7,7.48,20.0,,,,,,,26,13.9,18.5,,,,,,
2026-08-26 22:00:00,12,8.54,18.8,,,,,,,18,7.59,18.1,,,,,,,21,14.7,18.4,,,,,,,27,8.56,18.2,,,,,,,7,7.33,19.3,,,,,,,26.8,13.9,18.8,,,,,,
2026-08-27 00:00:00,12,8.54,18.4,,,,,,,18,7.57,18.4,,,,,,,21,14.5,18.1,,,,,,,27,8.55,18.6,,,,,,,7,7.33,18.6,,,,,,,27,13.8,19.0,,,,,,
2026-08-27 02:00:00,12,8.55,18.0,,,,,,,18,7.55,18.6,,,,,,,20.3,14.5,17.9,,,,,,,27,8.54,18.8,,,,,,,7,7.34,18.1,,,,,,,26.4,13.8,19.2,,,,,,
2026-08-27 04:00:00,12,8.56,17.7,,,,,,,18,7.51,18.8,,,,,,,20,14.5,17.6,,,,,,,27,8.53,19.0,,,,,,,7,7.35,17.6,,,,,,,26,13.8,19.3,,,,,,
2026-08-27 06:00:00,11.6,8.57,17.3,,,,,,,18,7.49,18.9,,,,,,,20,14.5,17.3,,,,,,,27,8.53,19.0,,,,,,,7,7.34,17.1,,,,,,,26,13.8,19.3,,,,,,
2026-08-27 08:00:00,11,8.58,17.0,,,,,,,18,7.49,18.8,,,,,,,20,14.5,17.0,,,,,,,27,8.53,19.0,,,,,,,7,7.29,16.7,,,,,,,26,13.8,19.2,,,,,,
2026-08-27 10:00:00,11.0,8.59,17.0,,,,,,,18,7.52,18.7,,,,,,,20,14.4,16.9,,,,,,,27,8.53,18.9,,,,,,,7,7.16,16.8,,,,,,,26,13.8,19.1,,,,,,
2026-08-27 12:00:00,11.8,8.55,18.0,,,,,,,17.8,7.54,18.6,,,,,,,19.7,14.2,17.8,,,,,,,27,8.54,18.7,,,,,,,6.94,7.07,18.4,,,,,,,26,13.9,18.9,,,,,,
2026-08-27 14:00:00,11.3,8.31,20.1,,,,,,,17.2,7.57,18.5,,,,,,,19,13.9,19.2,,,,,,,26.4,8.53,18.6,,,,,,,6.01,6.79,20.9,,,,,,,26,13.9,18.8,,,,,,
2026-08-27 16:00:00,11,8.06,21.7,,,,,,,17.9,7.58,18.5,,,,,,,18.2,13.5,20.4,,,,,,,26,8.49,18.5,,,,,,,6.33,6.50,23.2,,,,,,,26,13.9,18.8,,,,,,
2026-08-27 18:00:00,11,7.93,22.4,,,,,,,18,7.57,18.7,,,,,,,17.9,13.2,20.9,,,,,,,26.5,8.49,18.7,,,,,,,6,6.42,23.7,,,,,,,26.4,13.9,19.2,,,,,,
2026-08-27 20:00:00,11,7.85,22.6,,,,,,,18,7.49,19.1,,,,,,,17,13.1,21.3,,,,,,,27,8.44,19.2,,,,,,,6,6.25,23.9,,,,,,,26.5,13.8,19.7,,,,,,
2026-08-27 22:00:00,11,7.71,22.4,,,,,,,18,7.35,19.6,,,,,,,17,13.0,21.4,,,,,,,26.8,8.34,19.7,,,,,,,6,6.18,23.5,,,,,,,26.4,13.8,20.4,,,,,,
2026-08-28 00:00:00,11,7.68,22.1,,,,,,,18,7.30,20.2,,,,,,,17,12.9,21.2,,,,,,,27,8.25,20.3,,,,,,,6,6.19,22.9,,,,,,,26.9,13.6,21.0,,,,,,
2026-08-28 02:00:00,11,7.69,21.8,,,,,,,18,7.28,20.6,,,,,,,17,12.8,21.1,,,,,,,26.6,8.23,20.7,,,,,,,6,6.19,22.4,,,,,,,26.5,13.5,21.4,,,,,,
2026-08-28 04:00:00,11,7.70,21.5,,,,,,,18,7.27,20.9,,,,,,,16.9,12.8,21.0,,,,,,,27,8.22,21.1,,,,,,,6,6.20,22.0,,,,,,,26,13.5,21.8,,,,,,
2026-08-28 06:00:00,11,7.71,21.2,,,,,,,18,7.26,21.2,,,,,,,16,12.9,20.8,,,,,,,27,8.21,21.4,,,,,,,6,6.21,21.5,,,,,,,26,13.5,22.0,,,,,,
2026-08-28 08:00:00,11,7.71,20.9,,,,,,,18,7.26,21.3,,,,,,,16,12.9,20.6,,,,,,,27,8.21,21.5,,,,,,,6,6.21,21.1,,,,,,,26,13.5,22.0,,,,,,
2026-08-28 10:00:00,11,7.72,20.8,,,,,,,18,7.26,21.4,,,,,,,16,12.7,20.5,,,,,,,27,8.20,21.5,,,,,,,6,6.18,20.9,,,,,,,26,13.5,22.0,,,,,,
2026-08-28 12:00:00,11,7.71,20.8,,,,,,,18,7.24,21.4,,,,,,,16,12.6,20.5,,,,,,,26.8,8.07,21.5,,,,,,,6,5.97,21.1,,,,,,,26,13.5,22.0,,,,,,
2026-08-28 14:00:00,11,7.71,21.1,,,,,,,18,7.25,21.3,,,,,,,16,12.5,20.7,,,,,,,26,8.11,21.5,,,,,,,6,5.95,21.6,,,,,,,26,13.5,21.9,,,,,,
2026-08-28 16:00:00,11,7.70,21.4,,,,,,,18,7.22,21.3,,,,,,,16,12.3,20.9,,,,,,,26,8.03,21.4,,,,,,,6,5.94,22.0,,,,,,,26,13.5,21.8,,,,,,
2026-08-28 18:00:00,11.0,7.70,21.3,,,,,,,18,7.22,21.2,,,,,,,16,12.2,20.8,,,,,,,26,7.99,21.3,,,,,,,6,6.08,21.8,,,,,,,26,13.5,21.8,,,,,,
2026-08-28 20:00:00,10.1,7.66,20.9,,,,,,,18,7.26,21.2,,,,,,,15.6,12.2,20.5,,,,,,,26,8.11,21.3,,,,,,,6,6.26,21.3,,,,,,,26,13.5,21.7,,,,,,
2026-08-28 22:00:00,10.7,7.64,20.2,,,,,,,18,7.26,21.2,,,,,,,15,12.3,19.9,,,,,,,26,8.19,21.2,,,,,,,6,6.49,20.3,,,,,,,26,13.5,21.7,,,,,,
2026-08-29 00:00:00,10,7.73,19.4,,,,,,,18,7.27,21.1,,,,,,,15,12.4,19.3,,,,,,,26,8.19,21.2,,,,,,,6,6.52,19.3,,,,,,,25.4,13.5,21.6,,,,,,
2026-08-29 02:00:00,10,7.76,18.8,,,,,,,18,7.27,21.0,,,,,,,15,12.5,18.8,,,,,,,26,8.18,21.0,,,,,,,6,6.54,18.6,,,,,,,25,13.5,21.4,,,,,,
2026-08-29 04:00:00,10,7.78,18.3,,,,,,,18,7.27,20.8,,,,,,,15,12.5,18.4,,,,,,,26,8.22,20.9,,,,,,,6,6.56,18.0,,,,,,,25,13.5,21.2,,,,,,
2026-08-29 06:00:00,10.8,7.79,17.8,,,,,,,18,7.28,20.6,,,,,,,15,12.5,17.9,,,,,,,26,8.23,20.6,,,,,,,6,6.60,17.3,,,,,,,25,13.5,20.9,,,,,,
2026-08-29 08:00:00,11,7.80,17.4,,,,,,,18,7.28,20.4,,,,,,,15,12.6,17.5,,,,,,,26,8.24,20.4,,,,,,,6,6.63,16.9,,,,,,,25,13.6,20.6,,,,,,
2026-08-29 10:00:00,11,7.81,17.2,,,,,,,17.7,7.29,20.1,,,,,,,15,12.7,17.3,,,,,,,26,8.25,20.1,,,,,,,6,6.63,16.7,,,,,,,25,13.6,20.3,,,,,,
2026-08-29 12:00:00,10.9,7.78,18.5,,,,,,,17.7,7.30,19.8,,,,,,,15,12.5,18.2,,,,,,,26,8.24,19.7,,,,,,,6,6.54,18.6,,,,,,,25,13.6,19.9,,,,,,
2026-08-29 14:00:00,10.7,7.70,20.3,,,,,,,18,7.31,19.5,,,,,,,14.9,12.2,19.7,,,,,,,25.1,8.19,19.5,,,,,,,6,6.34,21.1,,,,,,,25,13.6,19.6,,,,,,
2026-08-29 16:00:00,10,7.47,21.2,,,,,,,18,7.31,19.4,,,,,,,14,12.0,20.2,,,,,,,25,8.18,19.3,,,,,,,6,6.19,22.5,,,,,,,25,13.6,19.6,,,,,,
2026-08-29 18:00:00,10,7.40,21.4,,,,,,,18,7.31,19.5,,,,,,,14,11.9,20.3,,,,,,,25.2,8.18,19.4,,,,,,,6,6.15,22.8,,,,,,,25.2,13.6,19.9,,,,,,
2026-08-29 20:00:00,10,7.29,20.9,,,,,,,18,7.30,19.7,,,,,,,14,11.9,20.1,,,,,,,26,8.17,19.6,,,,,,,6,6.08,22.1,,,,,,,25,13.6,20.3,,,,,,
2026-08-29 22:00:00,10,7.38,20.4,,,,,,,18,7.29,19.9,,,,,,,14.0,11.6,19.8,,,,,,,26,8.01,19.9,,,,,,,6,5.95,21.4,,,,,,,25,13.5,20.7,,,,,,
2026-08-30 00:00:00,10,7.40,19.9,,,,,,,18,7.26,20.1,,,,,,,13.7,11.5,19.4,,,,,,,26,7.99,20.1,,,,,,,6,5.97,20.6,,,,,,,25,13.4,21.0,,,,,,
2026-08-30 02:00:00,10,7.42,19.5,,,,,,,18,7.25,20.3,,,,,,,13.5,11.5,19.1,,,,,,,25.1,7.99,20.3,,,,,,,6,6.15,20.0,,,,,,,25,13.4,21.1,,,,,,
2026-08-30 04:00:00,10,7.61,19.2,,,,,,,18,7.26,20.3,,,,,,,13,11.6,18.9,,,,,,,25,7.99,20.3,,,,,,,6.77,7.28,19.6,,,,,,,25,13.4,21.1,,,,,,
2026-08-30 06:00:00,11.2,8.36,18.7,,,,,,,18,7.23,20.2,,,,,,,13.4,11.8,18.5,,,,,,,25.3,7.98,20.2,,,,,,,8.82,9.20,18.9,,,,,,,25,13.4,21.0,,,,,,
2026-08-30 08:00:00,12.9,9.28,18.2,,,,,,,18,7.18,20.1,,,,,,,16.2,13.2,18.1,,,,,,,26,7.97,20.1,,,,,,,9,9.21,18.1,,,,,,,25,13.4,20.8,,,,,,
2026-08-30 10:00:00,13,9.58,18.0,,,,,,,18,7.17,19.9,,,,,,,19.6,14.6,17.8,,,,,,,25.4,7.98,19.9,,,,,,,9,9.13,18.1,,,,,,,25,13.4,20.6,,,,,,
2026-08-30 12:00:00,13.9,9.76,18.1,,,,,,,18,7.24,19.7,,,,,,,21,15.1,17.9,,,,,,,25,8.00,19.7,,,,,,,9,8.93,18.5,,,,,,,25,13.4,20.2,,,,,,
2026-08-30 14:00:00,14,9.77,18.6,,,,,,,18,7.31,19.4,,,,,,,21,15.1,18.2,,,,,,,25,8.01,19.4,,,,,,,9,8.74,19.4,,,,,,,25.0,13.5,20.0,,,,,,
2026-08-30 16:00:00,14,9.71,19.1,,,,,,,18,7.31,19.2,,,,,,,21,15.1,18.6,,,,,,,25,8.01,19.2,,,,,,,9,8.53,20.1,,,,,,,24,13.6,19.7,,,,,,
2026-08-30 18:00:00,14,9.53,19.4,,,,,,,18,7.32,19.1,,,,,,,21,15.0,18.8,,,,,,,25,8.02,19.1,,,,,,,8.09,8.31,20.5,,,,,,,24.5,13.6,19.6,,,,,,
2026-08-30 20:00:00,13.5,9.50,19.5,,,,,,,18,7.32,19.1,,,,,,,21,14.9,18.9,,,,,,,25,8.03,19.0,,,,,,,8,8.10,20.4,,,,,,,25,13.6,19.6,,,,,,
2026-08-30 22:00:00,13,9.50,19.1,,,,,,,18,7.32,19.1,,,,,,,20.3,14.9,18.7,,,,,,,25,8.02,19.1,,,,,,,8,8.07,19.7,,,,,,,25,13.6,19.6,,,,,,
2026-08-31 00:00:00,13,9.45,18.6,,,,,,,18,7.31,19.2,,,,,,,20.5,14.8,18.3,,,,,,,25,8.02,19.2,,,,,,,8,8.10,18.9,,,,,,,25,13.6,19.7,,,,,,
2026-08-31 02:00:00,13,9.41,18.1,,,,,,,18,7.31,19.2,,,,,,,20,14.8,17.9,,,,,,,25,8.02,19.3,,,,,,,8,8.09,18.2,,,,,,,24.7,13.6,19.7,,,,,,
2026-08-31 04:00:00,13,9.38,17.8,,,,,,,18,7.31,19.2,,,,,,,20,14.7,17.7,,,,,,,25,8.02,19.2,,,,,,,8,8.00,17.8,,,,,,,24,13.6,19.6,,,,,,
2026-08-31 06:00:00,13,9.38,17.5,,,,,,,18,7.32,19.1,,,,,,,20,14.7,17.4,,,,,,,25,8.02,19.2,,,,,,,8,7.94,17.4,,,,,,,24.6,13.6,19.5,,,,,,
2026-08-31 08:00:00,13,9.39,17.2,,,,,,,18,7.32,19.0,,,,,,,20,14.7,17.2,,,,,,,25,8.02,19.1,,,,,,,8,8.00,17.0,,,,,,,24.9,13.6,19.3,,,,,,
2026-08-31 10:00:00,13,9.37,17.1,,,,,,,18,7.32,18.8,,,,,,,20,14.7,17.1,,,,,,,25,8.03,18.9,,,,,,,8,7.91,17.0,,,,,,,24,13.6,19.2,,,,,,
2026-08-31 12:00:00,13,9.31,17.7,,,,,,,18,7.33,18.7,,,,,,,20,14.6,17.5,,,,,,,25,8.03,18.7,,,,,,,8,7.84,18.0,,,,,,,24,13.7,18.9,,,,,,
2026-08-31 14:00:00,13,9.29,18.4,,,,,,,18,7.33,18.5,,,,,,,19.1,14.5,18.0,,,,,,,25,8.03,18.5,,,,,,,8,7.62,19.1,,,,,,,24,13.7,18.8,,,,,,
2026-08-31 16:00:00,13,9.27,18.8,,,,,,,18,7.33,18.5,,,,,,,19,14.4,18.1,,,,,,,25,8.00,18.4,,,,,,,8.13,8.03,19.9,,,,,,,24,13.7,18.7,,,,,,
2026-08-31 18:00:00,13.0,9.55,18.9,,,,,,,18,7.33,18.5,,,,,,,19.9,14.8,18.3,,,,,,,25,7.98,18.4,,,,,,,9,8.75,19.9,,,,,,,24,13.7,18.8,,,,,,
2026-08-31 20:00:00,14,9.77,18.6,,,,,,,18,7.33,18.5,,,,,,,21.1,15.3,18.2,,,,,,,25,8.02,18.5,,,,,,,9,8.83,19.6,,,,,,,,,,,,,,,
2026-08-31 22:00:00,14,9.82,18.1,,,,,,,18,7.33,18.5,,,,,,,22,15.5,17.8,,,,,,,25,8.03,18.6,,,,,,,,,,,,,,,,,,,,,,,,
2026-09-01 00:00:00,14,9.92,17.7,,,,,,,18,7.33,18.5,,,,,,,22,15.6,17.4,,,,,,,25,8.03,18.6,,,,,,,,,,,,,,,,,,,,,,,,
2026-09-01 02:00:00,14,10.00,17.2,,,,,,,18,7.33,18.5,,,,,,,22,15.7,17.1,,,,,,,25,8.03,18.6,,,,,,,,,,,,,,,,,,,,,,,,
2026-09-01 04:00:00,14,10.0,16.8,,,,,,,18,7.33,18.4,,,,,,,22,15.7,16.7,,,,,,,25,8.03,18.5,,,,,,,,,,,,,,,,,,,,,,,,
2026-09-01 06:00:00,14,10.1,16.5,,,,,,,18,7.33,18.3,,,,,,,21.2,15.7,16.5,,,,,,,25,8.04,18.3,,,,,,,,,,,,,,,,,,,,,,,,
2026-09-01 08:00:00,14,10.1,16.4,,,,,,,18,7.34,18.1,,,,,,,21.2,15.6,16.4,,,,,,,25,8.04,18.2,,,,,,,,,,,,,,,,,,,,,,,,
2026-09-01 10:00:00,14,10.0,16.4,,,,,,,18,7.35,18.0,,,,,,,21.5,15.6,16.3,,,,,,,25,8.05,18.0,,,,,,,,,,,,,,,,,,,,,,,,
2026-09-01 12:00:00,14,9.92,16.8,,,,,,,18,7.37,17.8,,,,,,,21,15.6,16.6,,,,,,,25,8.05,17.8,,,,,,,,,,,,,,,,,,,,,,,,
2026-09-01 14:00:00,13.7,9.81,17.5,,,,,,,18,7.39,17.6,,,,,,,21,15.4,17.1,,,,,,,24.7,8.06,17.6,,,,,,,,,,,,,,,,,,,,,,,,
2026-09-01 16:00:00,13.6,9.85,18.3,,,,,,,18,7.35,17.5,,,,,,,21,15.4,17.6,,,,,,,25,8.06,17.5,,,,,,,,,,,,,,,,,,,,,,,,
2026-09-01 18:00:00,14,10.0,18.6,,,,,,,18,7.35,17.5,,,,,,,21.4,15.6,17.9,,,,,,,25,8.06,17.5,,,,,,,,,,,,,,,,,,,,,,,,
2026-09-01 20:00:00,14,10.0,18.5,,,,,,,18,7.35,17.6,,,,,,,22,15.7,17.9,,,,,,,24.6,8.06,17.5,,,,,,,,,,,,,,,,,,,,,,,,
2026-09-01 22:00:00,14,10.0,18.1,,,,,,,18,7.35,17.7,,,,,,,22.0,15.7,17.6,,,,,,,24.4,8.06,17.6,,,,,,,,,,,,,,,,,,,,,,,,
2026-09-02 00:00:00,14,10.0,17.4,,,,,,,18,7.35,17.8,,,,,,,21.8,15.7,17.1,,,,,,,25,8.05,17.8,,,,,,,,,,,,,,,,,,,,,,,,
2026-09-02 02:00:00,13.5,10.1,16.6,,,,,,,18,7.35,17.8,,,,,,,21.1,15.8,16.5,,,,,,,25,8.05,17.9,,,,,,,,,,,,,,,,,,,,,,,,
2026-09-02 04:00:00,13,10.1,16.0,,,,,,,18,7.35,17.8,,,,,,,21,15.8,16.1,,,,,,,24.4,8.05,17.8,,,,,,,,,,,,,,,,,,,,,,,,
2026-09-02 06:00:00,13.1,10.1,15.7,,,,,,,18,7.35,17.7,,,,,,,21,15.7,15.7,,,,,,,24,8.06,17.7,,,,,,,,,,,,,,,,,,,,,,,,
2026-09-02 08:00:00,13.7,10.0,15.5,,,,,,,18,7.37,17.5,,,,,,,21,15.7,15.5,,,,,,,24.5,8.06,17.5,,,,,,,,,,,,,,,,,,,,,,,,
2026-09-02 10:00:00,13,9.97,15.4,,,,,,,18,7.44,17.3,,,,,,,21,15.7,15.4,,,,,,,25,8.07,17.3,,,,,,,,,,,,,,,,,,,,,,,,
2026-09-02 12:00:00,13,9.91,16.2,,,,,,,18,7.51,17.1,,,,,,,21,15.5,16.0,,,,,,,24.2,8.07,17.1,,,,,,,,,,,,,,,,,,,,,,,,
2026-09-02 14:00:00,13,9.81,17.5,,,,,,,18,7.56,16.9,,,,,,,20.1,15.3,16.9,,,,,,,24,8.08,16.8,,,,,,,,,,,,,,,,,,,,,,,,
2026-09-02 16:00:00,13,9.62,18.3,,,,,,,18,7.58,16.8,,,,,,,20.0,15.0,17.4,,,,,,,24,8.08,16.7,,,,,,,,,,,,,,,,,,,,,,,,
2026-09-02 18:00:00,13,9.53,18.3,,,,,,,18,7.58,16.8,,,,,,,19.0,14.8,17.5,,,,,,,24,8.08,16.8,,,,,,,,,,,,,,,,,,,,,,,,
2026-09-02 20:00:00,13,9.40,18.1,,,,,,,18,7.55,17.0,,,,,,,19,14.7,17.4,,,,,,,24,8.08,17.0,,,,,,,,,,,,,,,,,,,,,,,,
2026-09-02 22:00:00,12.7,9.31,17.9,,,,,,,18,7.50,17.2,,,,,,,19,14.6,17.3,,,,,,,24,8.07,17.2,,,,,,,,,,,,,,,,,,,,,,,,
2026-09-03 00:00:00,12,9.32,17.5,,,,,,,18,7.45,17.4,,,,,,,19,14.5,17.1,,,,,,,24,8.07,17.4,,,,,,,,,,,,,,,,,,,,,,,,
2026-09-03 02:00:00,12,9.33,17.1,,,,,,,18,7.41,17.5,,,,,,,18.7,14.6,16.8,,,,,,,24.0,8.06,17.6,,,,,,,,,,,,,,,,,,,,,,,,
2026-09-03 04:00:00,12,9.34,16.8,,,,,,,18,7.40,17.6,,,,,,,18,14.6,16.6,,,,,,,24,8.06,17.7,,,,,,,,,,,,,,,,,,,,,,,,
2026-09-03 06:00:00,12,9.32,16.7,,,,,,,18,7.40,17.6,,,,,,,18,14.5,16.5,,,,,,,24,8.06,17.7,,,,,,,,,,,,,,,,,,,,,,,,
2026-09-03 08:00:00,12,9.26,16.6,,,,,,,18,7.41,17.6,,,,,,,18,14.4,16.3,,,,,,,24,8.06,17.7,,,,,,,,,,,,,,,,,,,,,,,,
2026-09-03 10:00:00,12,9.16,16.5,,,,,,,18,7.42,17.5,,,,,,,18,14.4,16.3,,,,,,,24,8.06,17.6,,,,,,,,,,,,,,,,,,,,,,,,
2026-09-03 12:00:00,12,9.17,16.7,,,,,,,18,7.37,17.4,,,,,,,18,14.4,16.4,,,,,,,24,8.00,17.5,,,,,,,,,,,,,,,,,,,,,,,,
2026-09-03 14:00:00,12,9.18,16.9,,,,,,,18,7.36,17.4,,,,,,,18,14.3,16.6,,,,,,,24,7.98,17.5,,,,,,,,,,,,,,,,,,,,,,,,
2026-09-03 16:00:00,,,,,,,,,,18,7.36,17.4,,,,,,,18,14.3,17.1,,,,,,,24,7.97,17.4,,,,,,,,,,,,,,,,,,,,,,,,
2026-09-03 18:00:00,,,,,,,,,,18,7.39,17.4,,,,,,,18,14.5,17.7,,,,,,,24,8.03,17.4,,,,,,,,,,,,,,,,,,,,,,,,
2026-09-03 20:00:00,,,,,,,,,,18,7.42,17.4,,,,,,,18,14.5,18.1,,,,,,,24,8.04,17.5,,,,,,,,,,,,,,,,,,,,,,,,
2026-09-03 22:00:00,,,,,,,,,,18,7.40,17.6,,,,,,,18.1,14.5,18.1,,,,,,,24,8.04,17.6,,,,,,,,,,,,,,,,,,,,,,,,
2026-09-04 00:00:00,,,,,,,,,,18,7.38,17.7,,,,,,,18.1,14.5,18.1,,,,,,,24,8.02,17.8,,,,,,,,,,,,,,,,,,,,,,,,
2026-09-04 02:00:00,,,,,,,,,,18,7.36,17.9,,,,,,,18,14.5,18.0,,,,,,,24,7.97,18.0,,,,,,,,,,,,,,,,,,,,,,,,
2026-09-04 04:00:00,,,,,,,,,,18,7.35,18.0,,,,,,,18,14.5,18.1,,,,,,,24,7.94,18.2,,,,,,,,,,,,,,,,,,,,,,,,
2026-09-04 06:00:00,,,,,,,,,,18,7.34,18.1,,,,,,,18,14.5,18.2,,,,,,,24,7.93,18.3,,,,,,,,,,,,,,,,,,,,,,,,
2026-09-04 08:00:00,,,,,,,,,,18,7.34,18.2,,,,,,,18,14.5,18.2,,,,,,,24,7.92,18.4,,,,,,,,,,,,,,,,,,,,,,,,
2026-09-04 10:00:00,,,,,,,,,,18,7.34,18.2,,,,,,,18,14.5,18.3,,,,,,,24,7.90,18.4,,,,,,,,,,,,,,,,,,,,,,,,
2026-09-04 12:00:00,,,,,,,,,,18,7.34,18.3,,,,,,,18,14.3,18.8,,,,,,,24,7.85,18.5,,,,,,,,,,,,,,,,,,,,,,,,
2026-09-04 14:00:00,,,,,,,,,,18,7.33,18.4,,,,,,,18,14.0,19.4,,,,,,,24,7.85,18.6,,,,,,,,,,,,,,,,,,,,,,,,
2026-09-04 16:00:00,,,,,,,,,,18,7.33,18.5,,,,,,,17.2,13.8,19.6,,,,,,,24,7.79,18.8,,,,,,,,,,,,,,,,,,,,,,,,
2026-09-04 18:00:00,,,,,,,,,,18,7.32,18.8,,,,,,,17,13.8,19.9,,,,,,,24,7.73,19.0,,,,,,,,,,,,,,,,,,,,,,,,
2026-09-04 20:00:00,,,,,,,,,,18,7.32,19.1,,,,,,,22.7,16.2,19.6,,,,,,,24,7.64,19.3,,,,,,,,,,,,,,,,,,,,,,,,
2026-09-04 22:00:00,,,,,,,,,,18,7.31,19.3,,,,,,,26.8,17.9,19.2,,,,,,,24,7.59,19.6,,,,,,,,,,,,,,,,,,,,,,,,
2026-09-05 00:00:00,,,,,,,,,,18,7.31,19.5,,,,,,,25.9,17.7,18.8,,,,,,,24,7.50,19.7,,,,,,,,,,,,,,,,,,,,,,,,
2026-09-05 02:00:00,,,,,,,,,,18,7.30,19.6,,,,,,,25,17.5,18.4,,,,,,,24,7.48,19.8,,,,,,,,,,,,,,,,,,,,,,,,
2026-09-05 04:00:00,,,,,,,,,,18,7.30,19.5,,,,,,,24.2,17.4,17.9,,,,,,,24,7.49,19.7,,,,,,,,,,,,,,,,,,,,,,,,
2026-09-05 06:00:00,,,,,,,,,,18,7.30,19.4,,,,,,,24,17.3,17.4,,,,,,,24,7.50,19.5,,,,,,,,,,,,,,,,,,,,,,,,
2026-09-05 08:00:00,,,,,,,,,,18,7.31,19.2,,,,,,,23.3,17.3,16.9,,,,,,,24,7.54,19.3,,,,,,,,,,,,,,,,,,,,,,,,
2026-09-05 10:00:00,,,,,,,,,,18,7.31,18.9,,,,,,,23,17.1,16.6,,,,,,,24,7.60,19.0,,,,,,,,,,,,,,,,,,,,,,,,
2026-09-05 12:00:00,,,,,,,,,,18,7.30,18.6,,,,,,,23,16.9,17.2,,,,,,,23.9,7.76,18.7,,,,,,,,,,,,,,,,,,,,,,,,
2026-09-05 14:00:00,,,,,,,,,,18,7.32,18.4,,,,,,,22.2,16.5,18.1,,,,,,,23.2,7.78,18.3,,,,,,,,,,,,,,,,,,,,,,,,
2026-09-05 16:00:00,,,,,,,,,,18,7.34,18.2,,,,,,,21.4,16.2,18.3,,,,,,,24,7.79,18.1,,,,,,,,,,,,,,,,,,,,,,,,
2026-09-05 18:00:00,,,,,,,,,,18,7.34,18.2,,,,,,,21,16.1,18.0,,,,,,,24,7.79,18.0,,,,,,,,,,,,,,,,,,,,,,,,
2026-09-05 20:00:00,,,,,,,,,,18,7.34,18.2,,,,,,,20.2,15.9,17.7,,,,,,,24,7.79,18.1,,,,,,,,,,,,,,,,,,,,,,,,
2026-09-05 22:00:00,,,,,,,,,,18,7.34,18.2,,,,,,,20,15.8,17.2,,,,,,,24,7.79,18.2,,,,,,,,,,,,,,,,,,,,,,,,
2026-09-06 00:00:00,,,,,,,,,,18,7.34,18.3,,,,,,,20,15.8,16.6,,,,,,,24,7.79,18.2,,,,,,,,,,,,,,,,,,,,,,,,
2026-09-06 02:00:00,,,,,,,,,,18,7.34,18.2,,,,,,,19.7,15.8,16.0,,,,,,,24,7.79,18.2,,,,,,,,,,,,,,,,,,,,,,,,
2026-09-06 04:00:00,,,,,,,,,,18,7.34,18.1,,,,,,,19,15.8,15.4,,,,,,,24,7.79,18.1,,,,,,,,,,,,,,,,,,,,,,,,
2026-09-06 06:00:00,,,,,,,,,,18,7.34,17.9,,,,,,,19,15.7,14.8,,,,,,,23.5,7.80,17.9,,,,,,,,,,,,,,,,,,,,,,,,
2026-09-06 08:00:00,,,,,,,,,,18,7.35,17.7,,,,,,,19,15.7,14.2,,,,,,,23,7.82,17.6,,,,,,,,,,,,,,,,,,,,,,,,
2026-09-06 10:00:00,,,,,,,,,,18,7.37,17.3,,,,,,,19,15.8,13.8,,,,,,,23,7.87,17.2,,,,,,,,,,,,,,,,,,,,,,,,
2026-09-06 12:00:00,,,,,,,,,,18,7.46,16.9,,,,,,,19,15.6,14.6,,,,,,,23,7.88,16.7,,,,,,,,,,,,,,,,,,,,,,,,
2026-09-06 14:00:00,,,,,,,,,,18,7.57,16.5,,,,,,,18.2,15.2,16.4,,,,,,,23,7.87,16.3,,,,,,,,,,,,,,,,,,,,,,,,
2026-09-06 16:00:00,,,,,,,,,,18,7.62,16.3,,,,,,,18,14.9,16.9,,,,,,,23,7.90,16.0,,,,,,,,,,,,,,,,,,,,,,,,
2026-09-06 18:00:00,,,,,,,,,,18,7.63,16.3,,,,,,,17.1,14.8,16.7,,,,,,,23,7.92,16.0,,,,,,,,,,,,,,,,,,,,,,,,
2026-09-06 20:00:00,,,,,,,,,,18,7.62,16.4,,,,,,,17,14.6,16.6,,,,,,,23,7.92,16.1,,,,,,,,,,,,,,,,,,,,,,,,
2026-09-06 22:00:00,,,,,,,,,,18,7.59,16.6,,,,,,,17,14.6,16.4,,,,,,,23,7.90,16.4,,,,,,,,,,,,,,,,,,,,,,,,
2026-09-07 00:00:00,,,,,,,,,,,,,,,,,,,16.6,14.6,16.0,,,,,,,23,7.87,16.6,,,,,,,,,,,,,,,,,,,,,,,,
2026-09-07 02:00:00,,,,,,,,,,,,,,,,,,,16,14.4,15.9,,,,,,,23,7.85,16.8,,,,,,,,,,,,,,,,,,,,,,,,
2026-09-07 04:00:00,,,,,,,,,,,,,,,,,,,16,14.4,15.8,,,,,,,23,7.84,16.9,,,,,,,,,,,,,,,,,,,,,,,,
2026-09-07 06:00:00,,,,,,,,,,,,,,,,,,,16,14.4,15.7,,,,,,,23,7.83,17.0,,,,,,,,,,,,,,,,,,,,,,,,
2026-09-07 08:00:00,,,,,,,,,,,,,,,,,,,16,14.3,15.7,,,,,,,23,7.82,17.0,,,,,,,,,,,,,,,,,,,,,,,,
2026-09-07 10:00:00,,,,,,,,,,,,,,,,,,,16,14.2,15.7,,,,,,,23,7.82,17.0,,,,,,,,,,,,,,,,,,,,,,,,
2026-09-07 12:00:00,,,,,,,,,,,,,,,,,,,15.6,14.0,16.6,,,,,,,23,7.82,17.0,,,,,,,,,,,,,,,,,,,,,,,,
2026-09-07 14:00:00,,,,,,,,,,,,,,,,,,,15,13.6,18.3,,,,,,,23,7.82,17.0,,,,,,,,,,,,,,,,,,,,,,,,
2026-09-07 16:00:00,,,,,,,,,,,,,,,,,,,15,13.3,19.4,,,,,,,23,7.81,17.1,,,,,,,,,,,,,,,,,,,,,,,,
2026-09-07 18:00:00,,,,,,,,,,,,,,,,,,,14.1,13.1,19.7,,,,,,,23,7.80,17.4,,,,,,,,,,,,,,,,,,,,,,,,
2026-09-07 20:00:00,,,,,,,,,,,,,,,,,,,14,13.1,20.0,,,,,,,23,7.78,17.9,,,,,,,,,,,,,,,,,,,,,,,,
2026-09-07 22:00:00,,,,,,,,,,,,,,,,,,,14,13.1,20.1,,,,,,,23,7.73,18.6,,,,,,,,,,,,,,,,,,,,,,,,
2026-09-08 00:00:00,,,,,,,,,,,,,,,,,,,14,13.1,20.0,,,,,,,23,7.66,19.1,,,,,,,,,,,,,,,,,,,,,,,,
2026-09-08 02:00:00,,,,,,,,,,,,,,,,,,,14,13.0,19.8,,,,,,,23,7.56,19.6,,,,,,,,,,,,,,,,,,,,,,,,
2026-09-08 04:00:00,,,,,,,,,,,,,,,,,,,14,12.9,19.6,,,,,,,23,7.51,20.0,,,,,,,,,,,,,,,,,,,,,,,,
2026-09-08 06:00:00,,,,,,,,,,,,,,,,,,,14,12.9,19.4,,,,,,,23,7.48,20.2,,,,,,,,,,,,,,,,,,,,,,,,
2026-09-08 08:00:00,,,,,,,,,,,,,,,,,,,14,12.7,19.4,,,,,,,23,7.45,20.3,,,,,,,,,,,,,,,,,,,,,,,,
2026-09-08 10:00:00,,,,,,,,,,,,,,,,,,,14,12.6,19.2,,,,,,,23,7.44,20.3,,,,,,,,,,,,,,,,,,,,,,,,
2026-09-08 12:00:00,,,,,,,,,,,,,,,,,,,13.7,12.5,19.4,,,,,,,23,7.46,20.3,,,,,,,,,,,,,,,,,,,,,,,,
2026-09-08 14:00:00,,,,,,,,,,,,,,,,,,,13,12.4,19.8,,,,,,,23,7.47,20.1,,,,,,,,,,,,,,,,,,,,,,,,
2026-09-08 16:00:00,,,,,,,,,,,,,,,,,,,13,12.3,20.3,,,,,,,23,7.48,20.1,,,,,,,,,,,,,,,,,,,,,,,,
2026-09-08 18:00:00,,,,,,,,,,,,,,,,,,,13,12.2,20.3,,,,,,,23,7.48,20.1,,,,,,,,,,,,,,,,,,,,,,,,
2026-09-08 20:00:00,,,,,,,,,,,,,,,,,,,13,12.2,20.2,,,,,,,23,7.47,20.1,,,,,,,,,,,,,,,,,,,,,,,,
2026-09-08 22:00:00,,,,,,,,,,,,,,,,,,,13,12.2,20.1,,,,,,,23,7.47,20.3,,,,,,,,,,,,,,,,,,,,,,,,
2026-09-09 00:00:00,,,,,,,,,,,,,,,,,,,13,12.3,19.8,,,,,,,23,7.47,20.4,,,,,,,,,,,,,,,,,,,,,,,,
2026-09-09 02:00:00,,,,,,,,,,,,,,,,,,,13,12.4,19.3,,,,,,,23,7.46,20.5,,,,,,,,,,,,,,,,,,,,,,,,
2026-09-09 04:00:00,,,,,,,,,,,,,,,,,,,13,12.4,18.7,,,,,,,23,7.46,20.5,,,,,,,,,,,,,,,,,,,,,,,,
2026-09-09 06:00:00,,,,,,,,,,,,,,,,,,,13,12.5,18.1,,,,,,,23,7.46,20.4,,,,,,,,,,,,,,,,,,,,,,,,
2026-09-09 08:00:00,,,,,,,,,,,,,,,,,,,13,12.5,17.4,,,,,,,23,7.47,20.2,,,,,,,,,,,,,,,,,,,,,,,,
2026-09-09 10:00:00,,,,,,,,,,,,,,,,,,,13,12.6,17.0,,,,,,,23,7.48,19.9,,,,,,,,,,,,,,,,,,,,,,,,
2026-09-09 12:00:00,,,,,,,,,,,,,,,,,,,13,12.5,17.3,,,,,,,23,7.49,19.5,,,,,,,,,,,,,,,,,,,,,,,,
2026-09-09 14:00:00,,,,,,,,,,,,,,,,,,,13,12.4,17.8,,,,,,,22.5,7.50,19.1,,,,,,,,,,,,,,,,,,,,,,,,
2026-09-09 16:00:00,,,,,,,,,,,,,,,,,,,12.8,12.3,17.7,,,,,,,23,7.51,18.8,,,,,,,,,,,,,,,,,,,,,,,,
2026-09-09 18:00:00,,,,,,,,,,,,,,,,,,,12,12.3,17.4,,,,,,,23,7.51,18.6,,,,,,,,,,,,,,,,,,,,,,,,
2026-09-09 20:00:00,,,,,,,,,,,,,,,,,,,12,12.3,17.1,,,,,,,22.9,7.51,18.5,,,,,,,,,,,,,,,,,,,,,,,,
2026-09-09 22:00:00,,,,,,,,,,,,,,,,,,,12,12.3,16.7,,,,,,,22,7.52,18.4,,,,,,,,,,,,,,,,,,,,,,,,
2026-09-10 00:00:00,,,,,,,,,,,,,,,,,,,12,12.4,16.4,,,,,,,22,7.52,18.3,,,,,,,,,,,,,,,,,,,,,,,,
2026-09-10 02:00:00,,,,,,,,,,,,,,,,,,,12,12.4,16.0,,,,,,,22,7.53,18.1,,,,,,,,,,,,,,,,,,,,,,,,
2026-09-10 04:00:00,,,,,,,,,,,,,,,,,,,12,12.4,15.7,,,,,,,22.0,7.53,18.0,,,,,,,,,,,,,,,,,,,,,,,,
2026-09-10 06:00:00,,,,,,,,,,,,,,,,,,,,,,,,,,,,23,7.54,17.7,,,,,,,,,,,,,,,,,,,,,,,,
2026-09-10 08:00:00,,,,,,,,,,,,,,,,,,,,,,,,,,,,22.4,7.55,17.5,,,,,,,,,,,,,,,,,,,,,,,,
2026-09-10 10:00:00,,,,,,,,,,,,,,,,,,,,,,,,,,,,22,7.59,17.2,,,,,,,,,,,,,,,,,,,,,,,,
2026-09-10 12:00:00,,,,,,,,,,,,,,,,,,,,,,,,,,,,22,7.57,16.9,,,,,,,,,,,,,,,,,,,,,,,,
2026-09-10 14:00:00,,,,,,,,,,,,,,,,,,,,,,,,,,,,22,7.56,16.6,,,,,,,,,,,,,,,,,,,,,,,,
2026-09-10 16:00:00,,,,,,,,,,,,,,,,,,,,,,,,,,,,22,7.57,16.4,,,,,,,,,,,,,,,,,,,,,,,,
2026-09-10 18:00:00,,,,,,,,,,,,,,,,,,,,,,,,,,,,22,7.57,16.4,,,,,,,,,,,,,,,,,,,,,,,,
2026-09-10 20:00:00,,,,,,,,,,,,,,,,,,,,,,,,,,,,22,7.57,16.4,,,,,,,,,,,,,,,,,,,,,,,,
2026-09-10 22:00:00,,,,,,,,,,,,,,,,,,,,,,,,,,,,22,7.57,16.5,,,,,,,,,,,,,,,,,,,,,,,,
2026-09-11 00:00:00,,,,,,,,,,,,,,,,,,,,,,,,,,,,22,7.57,16.6,,,,,,,,,,,,,,,,,,,,,,,,
2026-09-11 02:00:00,,,,,,,,,,,,,,,,,,,,,,,,,,,,22,7.57,16.7,,,,,,,,,,,,,,,,,,,,,,,,
2026-09-11 04:00:00,,,,,,,,,,,,,,,,,,,,,,,,,,,,22,7.57,16.6,,,,,,,,,,,,,,,,,,,,,,,,
2026-09-11 06:00:00,,,,,,,,,,,,,,,,,,,,,,,,,,,,22,7.59,16.4,,,,,,,,,,,,,,,,,,,,,,,,
2026-09-11 08:00:00,,,,,,,,,,,,,,,,,,,,,,,,,,,,22,7.62,16.1,,,,,,,,,,,,,,,,,,,,,,,,
2026-09-11 10:00:00,,,,,,,,,,,,,,,,,,,,,,,,,,,,22,7.66,15.8,,,,,,,,,,,,,,,,,,,,,,,,
2026-09-11 12:00:00,,,,,,,,,,,,,,,,,,,,,,,,,,,,22,7.65,15.4,,,,,,,,,,,,,,,,,,,,,,,,
2026-09-11 14:00:00,,,,,,,,,,,,,,,,,,,,,,,,,,,,22,7.62,15.2,,,,,,,,,,,,,,,,,,,,,,,,
2026-09-11 16:00:00,,,,,,,,,,,,,,,,,,,,,,,,,,,,22,7.63,15.0,,,,,,,,,,,,,,,,,,,,,,,,
2026-09-11 18:00:00,,,,,,,,,,,,,,,,,,,,,,,,,,,,22,7.61,15.1,,,,,,,,,,,,,,,,,,,,,,,,
2026-09-11 20:00:00,,,,,,,,,,,,,,,,,,,,,,,,,,,,22,7.60,15.3,,,,,,,,,,,,,,,,,,,,,,,,
2026-09-11 22:00:00,,,,,,,,,,,,,,,,,,,,,,,,,,,,22,7.59,15.6,,,,,,,,,,,,,,,,,,,,,,,,
2026-09-12 00:00:00,,,,,,,,,,,,,,,,,,,,,,,,,,,,22,7.58,15.9,,,,,,,,,,,,,,,,,,,,,,,,
2026-09-12 02:00:00,,,,,,,,,,,,,,,,,,,,,,,,,,,,22,7.58,16.1,,,,,,,,,,,,,,,,,,,,,,,,
2026-09-12 04:00:00,,,,,,,,,,,,,,,,,,,,,,,,,,,,22,7.57,16.2,,,,,,,,,,,,,,,,,,,,,,,,
2026-09-12 06:00:00,,,,,,,,,,,,,,,,,,,,,,,,,,,,22,7.57,16.3,,,,,,,,,,,,,,,,,,,,,,,,
2026-09-12 08:00:00,,,,,,,,,,,,,,,,,,,,,,,,,,,,22,7.57,16.2,,,,,,,,,,,,,,,,,,,,,,,,
2026-09-12 10:00:00,,,,,,,,,,,,,,,,,,,,,,,,,,,,22,7.58,16.2,,,,,,,,,,,,,,,,,,,,,,,,
2026-09-12 12:00:00,,,,,,,,,,,,,,,,,,,,,,,,,,,,22,7.58,16.2,,,,,,,,,,,,,,,,,,,,,,,,
2026-09-12 14:00:00,,,,,,,,,,,,,,,,,,,,,,,,,,,,22,7.58,16.1,,,,,,,,,,,,,,,,,,,,,,,,
2026-09-12 16:00:00,,,,,,,,,,,,,,,,,,,,,,,,,,,,22,7.58,16.2,,,,,,,,,,,,,,,,,,,,,,,,
2026-09-12 18:00:00,,,,,,,,,,,,,,,,,,,,,,,,,,,,22,7.57,16.3,,,,,,,,,,,,,,,,,,,,,,,,
2026-09-12 20:00:00,,,,,,,,,,,,,,,,,,,,,,,,,,,,22,7.57,16.5,,,,,,,,,,,,,,,,,,,,,,,,
2026-09-12 22:00:00,,,,,,,,,,,,,,,,,,,,,,,,,,,,22,7.56,16.7,,,,,,,,,,,,,,,,,,,,,,,,
2026-09-20 20:00:00,,,,,,,,,,,,,,,,,,,,,,,,,,,,,,,,,,,,,,,,,,,,,,14,14.5,17.4,,,,,,
2026-09-20 22:00:00,,,,,,,,,,,,,,,,,,,,,,,,,,,,,,,,,,,,,,,,,,,,,,14,14.5,17.4,,,,,,
2026-09-21 00:00:00,,,,,,,,,,,,,,,,,,,,,,,,,,,,,,,,,,,,,,,,,,,,,,14,14.5,17.3,,,,,,
2026-09-21 02:00:00,,,,,,,,,,,,,,,,,,,,,,,,,,,,,,,,,,,,,,,,,,,,,,14,14.5,17.1,,,,,,
2026-09-21 04:00:00,,,,,,,,,,,,,,,,,,,,,,,,,,,,,,,,,,,,,,,,,,,,,,14,14.5,16.9,,,,,,
2026-09-22 14:00:00,9,9.52,15.7,,,,,,,19,9.25,14.8,,,,,,,13,14.9,14.8,,,,,,,30,9.21,14.6,,,,,,,5,6.67,15.8,,,,,,,14,14.8,15.0,,,,,,
2026-09-22 16:00:00,8.49,9.36,16.5,,,,,,,19,9.26,14.7,,,,,,,13,14.7,15.6,,,,,,,30,9.25,14.5,,,,,,,5,6.58,16.8,,,,,,,14,14.9,14.9,,,,,,
2026-09-22 18:00:00,8.21,9.35,16.5,,,,,,,19,9.26,14.7,,,,,,,13,14.6,15.6,,,,,,,30.3,9.27,14.5,,,,,,,5,6.58,16.6,,,,,,,14,14.8,15.0,,,,,,
2026-09-22 20:00:00,8,9.37,15.8,,,,,,,19,9.24,14.9,,,,,,,13,14.6,15.2,,,,,,,31,9.27,14.7,,,,,,,5,6.60,16.0,,,,,,,14,14.8,15.3,,,,,,
2026-09-22 22:00:00,8,9.37,15.2,,,,,,,18.4,9.23,15.0,,,,,,,13,14.7,14.6,,,,,,,31,9.25,14.9,,,,,,,5,6.62,15.2,,,,,,,14,14.8,15.5,,,,,,
2026-09-23 00:00:00,8,9.38,14.2,,,,,,,18,9.22,15.2,,,,,,,12.7,14.6,14.0,,,,,,,31,9.24,15.1,,,,,,,4.51,6.64,14.3,,,,,,,14,14.8,15.7,,,,,,
2026-09-23 02:00:00,8,9.40,13.6,,,,,,,18,9.22,15.3,,,,,,,12,14.6,13.4,,,,,,,31,9.24,15.1,,,,,,,4,6.66,13.5,,,,,,,14,14.7,15.8,,,,,,
2026-09-23 04:00:00,8,9.44,13.0,,,,,,,18,9.22,15.2,,,,,,,12,14.6,12.8,,,,,,,31,9.25,15.1,,,,,,,4.07,6.68,12.8,,,,,,,14,14.7,15.7,,,,,,
2026-09-23 06:00:00,8,9.48,12.3,,,,,,,18,9.22,15.1,,,,,,,12,14.6,12.3,,,,,,,31,9.29,15.0,,,,,,,5,6.69,12.1,,,,,,,14,14.7,15.6,,,,,,
2026-09-23 08:00:00,8,9.51,11.7,,,,,,,18,9.23,14.9,,,,,,,12,14.6,11.7,,,,,,,31,9.35,14.7,,,,,,,5,6.71,11.4,,,,,,,14,14.8,15.3,,,,,,
2026-09-23 10:00:00,8,9.52,11.3,,,,,,,18,9.26,14.7,,,,,,,12,14.6,11.2,,,,,,,30.8,9.40,14.4,,,,,,,5,6.72,11.0,,,,,,,14,14.8,15.0,,,,,,
2026-09-23 12:00:00,8,9.36,12.3,,,,,,,18,9.34,14.4,,,,,,,12,14.6,11.7,,,,,,,30.9,9.43,14.1,,,,,,,4.88,6.62,11.8,,,,,,,14,14.9,14.7,,,,,,
2026-09-23 14:00:00,8,9.17,14.4,,,,,,,18,9.46,14.1,,,,,,,12,14.4,13.2,,,,,,,31,9.44,13.8,,,,,,,4.11,6.37,14.3,,,,,,,14,14.9,14.4,,,,,,
2026-09-23 16:00:00,8,9.09,16.0,,,,,,,18,9.50,14.0,,,,,,,12,14.2,14.6,,,,,,,31,9.46,13.6,,,,,,,4.98,6.30,16.3,,,,,,,14,15.0,14.3,,,,,,
2026-09-23 18:00:00,8,8.92,16.1,,,,,,,18,9.50,14.0,,,,,,,12,14.2,14.8,,,,,,,31,9.46,13.6,,,,,,,4,6.27,16.5,,,,,,,15.0,15.0,14.4,,,,,,
2026-09-23 20:00:00,8,8.88,15.8,,,,,,,18,9.48,14.2,,,,,,,12,14.2,14.7,,,,,,,31,9.45,13.8,,,,,,,4,6.27,16.2,,,,,,,15.0,14.9,14.8,,,,,,
2026-09-23 22:00:00,8,8.89,15.3,,,,,,,18,9.44,14.4,,,,,,,12,14.2,14.4,,,,,,,31,9.44,14.0,,,,,,,4,6.23,15.8,,,,,,,14.9,14.8,15.2,,,,,,
2026-09-24 00:00:00,8,8.91,14.8,,,,,,,18,9.38,14.6,,,,,,,12,14.2,14.1,,,,,,,31,9.43,14.3,,,,,,,4,6.20,15.3,,,,,,,15,14.8,15.5,,,,,,
2026-09-24 02:00:00,8,8.91,14.5,,,,,,,18,9.33,14.8,,,,,,,11.9,14.1,13.9,,,,,,,31,9.42,14.5,,,,,,,4,6.16,15.0,,,,,,,15,14.8,15.7,,,,,,
2026-09-24 04:00:00,8,8.91,14.5,,,,,,,18,9.32,14.9,,,,,,,11.4,14.1,14.0,,,,,,,31,9.41,14.6,,,,,,,4,6.11,15.0,,,,,,,15,14.8,15.8,,,,,,
2026-09-24 06:00:00,8,8.92,14.4,,,,,,,18,9.30,15.0,,,,,,,11.6,14.1,13.9,,,,,,,31,9.41,14.7,,,,,,,4,6.09,14.8,,,,,,,15,14.8,15.8,,,,,,
2026-09-24 08:00:00,7.46,8.93,14.0,,,,,,,18,9.29,15.0,,,,,,,11.6,14.1,13.6,,,,,,,31,9.41,14.7,,,,,,,4,6.10,14.2,,,,,,,14.9,14.8,15.8,,,,,,
2026-09-24 10:00:00,7,8.93,13.8,,,,,,,18,9.31,15.0,,,,,,,11,14.1,13.4,,,,,,,31,9.41,14.7,,,,,,,4,6.10,14.0,,,,,,,14,14.8,15.8,,,,,,
2026-09-24 12:00:00,7.93,8.86,14.4,,,,,,,18,9.34,14.9,,,,,,,11,14.0,13.8,,,,,,,31,9.41,14.6,,,,,,,4,6.09,14.7,,,,,,,14,14.8,15.6,,,,,,
2026-09-24 14:00:00,7.46,8.65,15.8,,,,,,,18,9.39,14.8,,,,,,,11,13.8,14.6,,,,,,,31,9.41,14.6,,,,,,,4,6.05,16.1,,,,,,,14,14.8,15.5,,,,,,
2026-09-24 16:00:00,7,8.59,16.8,,,,,,,18,9.41,14.8,,,,,,,11,13.8,15.5,,,,,,,31,9.42,14.5,,,,,,,4,5.98,17.5,,,,,,,14,14.8,15.5,,,,,,
2026-09-24 18:00:00,7,8.59,16.5,,,,,,,18,9.40,14.9,,,,,,,11,13.8,15.5,,,,,,,31,9.42,14.6,,,,,,,4,5.97,17.2,,,,,,,14.7,14.8,15.6,,,,,,
2026-09-24 20:00:00,7,8.57,16.0,,,,,,,18,9.35,15.0,,,,,,,11,13.8,15.1,,,,,,,31,9.41,14.8,,,,,,,4,5.99,16.5,,,,,,,15,14.8,15.8,,,,,,
2026-09-24 22:00:00,7,8.58,15.0,,,,,,,18,9.29,15.2,,,,,,,11,13.8,14.5,,,,,,,31,9.40,15.0,,,,,,,4,6.03,15.4,,,,,,,15,14.7,16.0,,,,,,
2026-09-25 00:00:00,7,8.64,14.0,,,,,,,18,9.26,15.3,,,,,,,11,13.8,13.7,,,,,,,31,9.40,15.1,,,,,,,4,6.08,14.2,,,,,,,15,14.6,16.2,,,,,,
2026-09-25 02:00:00,7,8.69,13.2,,,,,,,18,9.24,15.3,,,,,,,11,13.9,12.9,,,,,,,31,9.40,15.1,,,,,,,4,6.11,13.2,,,,,,,14.8,14.6,16.1,,,,,,
2026-09-25 04:00:00,7,8.73,12.3,,,,,,,18,9.24,15.3,,,,,,,11,13.9,12.2,,,,,,,31,9.41,15.1,,,,,,,4,6.14,12.2,,,,,,,14,14.6,16.0,,,,,,
2026-09-25 06:00:00,7,8.75,11.6,,,,,,,18,9.28,15.1,,,,,,,11,14.0,11.5,,,,,,,31,9.42,14.8,,,,,,,4,6.16,11.4,,,,,,,14,14.6,15.7,,,,,,
2026-09-25 08:00:00,7,8.78,11.0,,,,,,,18,9.33,14.8,,,,,,,10.1,14.0,10.9,,,,,,,31,9.43,14.5,,,,,,,4,6.18,10.7,,,,,,,14,14.7,15.4,,,,,,
2026-09-25 10:00:00,7,8.79,10.6,,,,,,,18,9.43,14.5,,,,,,,10.7,14.0,10.4,,,,,,,31,9.45,14.0,,,,,,,4,6.19,10.2,,,,,,,14,14.7,15.0,,,,,,
2026-09-25 12:00:00,7,8.76,11.4,,,,,,,18,9.50,14.1,,,,,,,10.2,14.0,10.7,,,,,,,31,9.46,13.7,,,,,,,4,6.17,10.9,,,,,,,14,14.9,14.5,,,,,,
2026-09-25 14:00:00,7,8.59,13.9,,,,,,,18,9.52,13.7,,,,,,,10.7,13.7,12.4,,,,,,,30.8,9.48,13.2,,,,,,,4,5.96,13.7,,,,,,,14,14.9,14.1,,,,,,
2026-09-25 16:00:00,7,8.38,15.6,,,,,,,18,9.53,13.5,,,,,,,10.6,13.6,14.2,,,,,,,31,9.49,12.9,,,,,,,4,5.78,16.3,,,,,,,14,15.0,13.8,,,,,,
2026-09-25 18:00:00,7,8.38,15.4,,,,,,,18,9.53,13.5,,,,,,,10,13.5,14.2,,,,,,,31,9.49,12.9,,,,,,,4,5.78,16.1,,,,,,,14.2,15.0,13.9,,,,,,
2026-09-25 20:00:00,7,8.39,14.9,,,,,,,18,9.52,13.6,,,,,,,10,13.6,13.9,,,,,,,31,9.49,13.0,,,,,,,4,5.79,15.6,,,,,,,15,14.9,14.3,,,,,,
2026-09-25 22:00:00,7,8.40,14.2,,,,,,,18,9.52,13.9,,,,,,,10,13.6,13.4,,,,,,,31,9.48,13.3,,,,,,,4,5.81,14.8,,,,,,,15,14.9,14.7,,,,,,
2026-09-26 00:00:00,7,8.43,13.4,,,,,,,18,9.51,14.1,,,,,,,10,13.6,12.8,,,,,,,31,9.46,13.6,,,,,,,4,5.83,13.9,,,,,,,14.2,14.8,15.0,,,,,,
2026-09-26 02:00:00,7,8.45,12.7,,,,,,,18,9.50,14.2,,,,,,,10,13.7,12.2,,,,,,,31,9.46,13.8,,,,,,,4,5.85,13.1,,,,,,,14,14.8,15.2,,,,,,
2026-09-26 04:00:00,7,8.47,12.2,,,,,,,18,9.50,14.2,,,,,,,10,13.7,11.8,,,,,,,31,9.46,13.8,,,,,,,4,5.86,12.5,,,,,,,14,14.8,15.2,,,,,,
2026-09-26 06:00:00,7,8.49,11.8,,,,,,,18,9.50,14.1,,,,,,,10,13.7,11.4,,,,,,,31,9.46,13.7,,,,,,,4,5.87,12.0,,,,,,,14,14.8,15.0,,,,,,
2026-09-26 08:00:00,7,8.50,11.5,,,,,,,18,9.51,14.0,,,,,,,10,13.7,11.2,,,,,,,31,9.47,13.5,,,,,,,4,5.88,11.6,,,,,,,14.5,14.8,14.9,,,,,,
2026-09-26 10:00:00,7,8.50,11.4,,,,,,,18,9.52,13.8,,,,,,,10,13.7,11.0,,,,,,,31,9.48,13.3,,,,,,,4,5.89,11.5,,,,,,,14,14.9,14.6,,,,,,
2026-09-26 12:00:00,7,8.45,12.4,,,,,,,18,9.53,13.6,,,,,,,10,13.5,11.5,,,,,,,31,9.49,13.1,,,,,,,4,5.86,12.6,,,,,,,14,14.9,14.3,,,,,,
2026-09-26 14:00:00,7,8.22,14.6,,,,,,,18,9.53,13.4,,,,,,,10,13.3,13.2,,,,,,,31,9.50,12.9,,,,,,,4,5.80,15.0,,,,,,,14,14.9,14.1,,,,,,
2026-09-26 16:00:00,7,8.10,16.1,,,,,,,18,9.54,13.3,,,,,,,10,13.1,14.8,,,,,,,31,9.51,12.8,,,,,,,4,5.65,16.9,,,,,,,14,14.9,14.0,,,,,,
2026-09-26 18:00:00,7,8.08,16.6,,,,,,,18,9.53,13.5,,,,,,,10,13.1,15.5,,,,,,,31,9.51,13.0,,,,,,,4,5.55,17.5,,,,,,,14.9,14.9,14.2,,,,,,
2026-09-26 20:00:00,7,8.06,16.6,,,,,,,18,9.52,13.7,,,,,,,10,13.1,15.6,,,,,,,31,9.49,13.3,,,,,,,4,5.50,17.5,,,,,,,15,14.9,14.6,,,,,,
2026-09-26 22:00:00,7,8.00,16.0,,,,,,,18,9.51,14.1,,,,,,,10,13.1,15.3,,,,,,,31,9.46,13.7,,,,,,,4,5.51,16.9,,,,,,,15,14.8,15.0,,,,,,
2026-09-27 00:00:00,7,7.95,15.4,,,,,,,18,9.50,14.4,,,,,,,10,13.1,14.9,,,,,,,31,9.44,14.1,,,,,,,4,5.53,16.2,,,,,,,15,14.8,15.4,,,,,,
2026-09-27 02:00:00,7,7.93,15.0,,,,,,,18,9.49,14.6,,,,,,,10,13.1,14.5,,,,,,,31,9.43,14.4,,,,,,,4,5.55,15.6,,,,,,,15,14.7,15.6,,,,,,
2026-09-27 04:00:00,6.96,7.94,14.6,,,,,,,18,9.48,14.8,,,,,,,10,13.1,14.3,,,,,,,31,9.43,14.6,,,,,,,4,5.58,15.1,,,,,,,15,14.6,15.7,,,,,,
2026-09-27 06:00:00,7,7.96,14.2,,,,,,,18,9.47,14.9,,,,,,,10,13.1,13.9,,,,,,,31,9.42,14.7,,,,,,,4,5.62,14.6,,,,,,,15,14.6,15.8,,,,,,
2026-09-27 08:00:00,7,7.99,13.7,,,,,,,18,9.46,14.9,,,,,,,10,13.2,13.5,,,,,,,31,9.42,14.8,,,,,,,4,5.66,13.9,,,,,,,15,14.6,15.7,,,,,,
2026-09-27 10:00:00,7,8.03,13.3,,,,,,,18,9.47,14.8,,,,,,,9.21,13.2,13.1,,,,,,,31,9.42,14.7,,,,,,,4,5.72,13.4,,,,,,,14.1,14.6,15.6,,,,,,
2026-09-27 12:00:00,7,7.96,13.9,,,,,,,18,9.48,14.7,,,,,,,9.33,13.0,13.4,,,,,,,31,9.43,14.6,,,,,,,4,5.75,14.0,,,,,,,14,14.7,15.5,,,,,,
2026-09-27 14:00:00,7,7.83,16.4,,,,,,,18,9.49,14.6,,,,,,,9.23,12.8,15.2,,,,,,,31,9.43,14.5,,,,,,,4,5.50,16.7,,,,,,,14.0,14.7,15.3,,,,,,
2026-09-27 16:00:00,7,7.79,18.1,,,,,,,18,9.49,14.6,,,,,,,10,12.6,16.8,,,,,,,31,9.43,14.4,,,,,,,4,5.45,19.1,,,,,,,15.0,14.8,15.3,,,,,,
2026-09-27 18:00:00,6.96,7.74,18.5,,,,,,,18,9.48,14.8,,,,,,,9.24,12.5,17.5,,,,,,,31,9.43,14.6,,,,,,,4,5.44,19.6,,,,,,,15,14.8,15.6,,,,,,
2026-09-27 20:00:00,6.77,7.62,18.5,,,,,,,18,9.47,15.1,,,,,,,9,12.5,17.7,,,,,,,31,9.41,15.0,,,,,,,4,5.44,19.6,,,,,,,15,14.7,16.1,,,,,,
2026-09-27 22:00:00,7,7.55,17.9,,,,,,,18,9.42,15.6,,,,,,,9,12.5,17.3,,,,,,,31,9.39,15.5,,,,,,,4,5.45,18.9,,,,,,,15,14.6,16.7,,,,,,
2026-09-28 00:00:00,7,7.55,17.3,,,,,,,18,9.32,16.0,,,,,,,9,12.6,16.8,,,,,,,31,9.37,16.0,,,,,,,4,5.47,18.1,,,,,,,15,14.5,17.2,,,,,,
2026-09-28 02:00:00,6,7.57,16.7,,,,,,,18,9.23,16.4,,,,,,,9,12.6,16.3,,,,,,,31,9.32,16.4,,,,,,,4,5.48,17.3,,,,,,,15,14.5,17.6,,,,,,
2026-09-28 04:00:00,6,7.58,16.2,,,,,,,18,9.19,16.6,,,,,,,9,12.6,15.9,,,,,,,31,9.28,16.6,,,,,,,4,5.49,16.7,,,,,,,15,14.4,17.8,,,,,,
2026-09-28 06:00:00,6,7.59,15.7,,,,,,,18,9.18,16.7,,,,,,,9,12.6,15.5,,,,,,,31,9.26,16.8,,,,,,,4,5.51,16.1,,,,,,,15,14.3,17.8,,,,,,
2026-09-28 08:00:00,6,7.60,15.4,,,,,,,18,9.18,16.7,,,,,,,9,12.6,15.2,,,,,,,31,9.26,16.7,,,,,,,4,5.51,15.7,,,,,,,15,14.3,17.7,,,,,,
2026-09-28 10:00:00,6,7.60,15.3,,,,,,,18,9.19,16.6,,,,,,,9,12.6,15.1,,,,,,,31,9.27,16.6,,,,,,,4,5.52,15.6,,,,,,,15,14.3,17.6,,,,,,
2026-09-28 12:00:00,6,7.59,15.8,,,,,,,18,9.22,16.5,,,,,,,9,12.6,15.4,,,,,,,31,9.29,16.4,,,,,,,4,5.50,16.2,,,,,,,15,14.4,17.4,,,,,,
2026-09-28 14:00:00,6.89,7.52,17.7,,,,,,,18,9.28,16.4,,,,,,,9,12.3,16.7,,,,,,,31,9.29,16.2,,,,,,,4,5.44,18.4,,,,,,,15,14.5,17.2,,,,,,
2026-09-28 16:00:00,6.02,7.32,19.2,,,,,,,18,9.31,16.3,,,,,,,9,12.2,18.1,,,,,,,31,9.31,16.2,,,,,,,4,5.22,20.2,,,,,,,15,14.5,17.2,,,,,,
2026-09-28 18:00:00,6,7.23,19.9,,,,,,,18,9.30,16.4,,,,,,,9,12.0,18.9,,,,,,,31,9.31,16.3,,,,,,,4,5.15,21.0,,,,,,,15,14.5,17.3,,,,,,
2026-09-28 20:00:00,6,7.22,19.9,,,,,,,18,9.24,16.7,,,,,,,9,12.0,19.2,,,,,,,31,9.28,16.6,,,,,,,4,5.14,21.0,,,,,,,15,14.4,17.7,,,,,,
2026-09-28 22:00:00,6,7.23,19.4,,,,,,,18,9.18,17.1,,,,,,,9,12.0,18.9,,,,,,,31,9.22,17.0,,,,,,,4,5.15,20.4,,,,,,,15,14.3,18.1,,,,,,
2026-09-29 00:00:00,6,7.25,18.8,,,,,,,18,9.15,17.4,,,,,,,9,12.0,18.4,,,,,,,31,9.15,17.4,,,,,,,3.21,5.17,19.6,,,,,,,15,14.3,18.5,,,,,,
2026-09-29 02:00:00,6,7.26,18.3,,,,,,,18,9.14,17.7,,,,,,,9,12.1,18.0,,,,,,,31,9.10,17.7,,,,,,,3,5.18,19.0,,,,,,,15,14.3,18.8,,,,,,
2026-09-29 04:00:00,6,7.27,17.9,,,,,,,18,9.13,17.9,,,,,,,9,12.1,17.7,,,,,,,31,9.08,17.9,,,,,,,3,5.21,18.4,,,,,,,15,14.2,18.9,,,,,,
2026-09-29 06:00:00,6,7.28,17.5,,,,,,,18,9.13,18.0,,,,,,,9,12.1,17.3,,,,,,,31,9.07,18.0,,,,,,,3,5.25,17.9,,,,,,,15,14.2,19.0,,,,,,
2026-09-29 08:00:00,6,7.29,17.1,,,,,,,18,9.13,18.0,,,,,,,8.73,12.1,17.0,,,,,,,31,9.07,18.1,,,,,,,3,5.29,17.4,,,,,,,15,14.2,18.9,,,,,,
2026-09-29 10:00:00,6,7.30,16.9,,,,,,,18,9.13,17.9,,,,,,,8.77,12.1,16.7,,,,,,,31,9.07,18.0,,,,,,,3,5.30,17.1,,,,,,,15,14.2,18.8,,,,,,
2026-09-29 12:00:00,6,7.27,17.3,,,,,,,18,9.13,17.9,,,,,,,8,12.1,17.0,,,,,,,31,9.08,17.9,,,,,,,3,5.27,17.5,,,,,,,15,14.3,18.7,,,,,,
2026-09-29 14:00:00,6,7.15,18.9,,,,,,,18,9.14,17.8,,,,,,,8.95,11.9,18.1,,,,,,,31,9.08,17.7,,,,,,,3,5.17,19.2,,,,,,,15,14.3,18.5,,,,,,
2026-09-29 14:28:42,6,7.03,19.7,,,,,,,18,9.14,17.7,,,,,,,9,11.8,18.8,,,,,,,31,9.08,17.7,,,,,,,3,5.16,20.1,,,,,,,15,14.3,18.4,,,,,,